-- phpMyAdmin SQL Dump
-- version 5.0.4
-- https://www.phpmyadmin.net/
--
-- Servidor: 127.0.0.1
-- Tiempo de generación: 23-08-2024 a las 13:42:44
-- Versión del servidor: 10.4.17-MariaDB
-- Versión de PHP: 7.4.13

SET SQL_MODE = "NO_AUTO_VALUE_ON_ZERO";
START TRANSACTION;
SET time_zone = "+00:00";


/*!40101 SET @OLD_CHARACTER_SET_CLIENT=@@CHARACTER_SET_CLIENT */;
/*!40101 SET @OLD_CHARACTER_SET_RESULTS=@@CHARACTER_SET_RESULTS */;
/*!40101 SET @OLD_COLLATION_CONNECTION=@@COLLATION_CONNECTION */;
/*!40101 SET NAMES utf8mb4 */;

--
-- Base de datos: `plataforma_test`
--

-- --------------------------------------------------------

--
-- Estructura de tabla para la tabla `alergeno`
--

CREATE TABLE `alergeno` (
  `id` int(11) NOT NULL,
  `nombre` varchar(250) NOT NULL,
  `imagen` blob NOT NULL
) ENGINE=InnoDB DEFAULT CHARSET=utf8mb4;

--
-- Volcado de datos para la tabla `alergeno`
--

INSERT INTO `alergeno` (`id`, `nombre`, `imagen`) VALUES
(1, 'pescado', 0x89504e470d0a1a0a0000000d4948445200000017000000200806000000f955e3b50000000473424954080808087c086488000000097048597300000ec400000ec401952b0e1b00000381494441544889ed965d689b6514c77fe7cdbb2425e957ba76115b5ab7ac163f6669cb2c8e92168a2b0e07636e7e5f485bfc40182ade8ca1a837c37a3391812de28557de0bdbc0b1462456eb9441074b49695965b31febb4695dd237798f17f9684c96d8e295b073f79c739edf39e7ff3e0fcf0bf7ec3f9a3407bf7403b2e50de58281e068b7c370bc0cda0b0444c4a9aa1b4014643c651b5f4543af4c6c0bbe273816300d390bf48b48c9065455816f93b6be31131a8efe2bbc35383620867c2d2255e5a62a28b2aab63e3b1d1a3e5f12ded6fb4550452f88886babe0bc02095139786d7c3054046fec1ef3792ae4aa88f8b70bce2bf0fbfa1d7df8b789e11500231bf0b8e554397083dfcd53471aa9aade51122e227e8f5b4e65d706c0ae7d231e84c1529b1e7ab486f74eb713ecf7138fa7cab72f0ceeda37e20130012a6babfb0a3f60e7e37574f7d4d3d4e2a1a2c2c4e576108b59f43d791fe1d022b155eb1f4cd31492494544aa2a6b7d7d0bf08d0160887464931ca6f0fadb6d0cbdd98ac76b52b7d3cdd52bb701d859efe699175b38fd5927475f68c6e93408f6fbf9f86c17ed5dbe5c2143ec8e5ce722d2900d1c7dbe998efd752c2dc6b978ee267bdbaa01588b59782bd37a3b9d0e060e37b2ff403db53e2717cfdde4e7895bf9da37e43457c809b9bc9400a0bec1cd6b6fb59189934a6991bc35b54e44a448a22ccf0010d5ebd9c0d4afb7f96325b199a8cafa5ab2e894ac2c27f8e4c3292e4f2c3370f87e9a777b373bcff0d2b2d812ce1ecac585381f9dbcc2a1234d3cf2580d4e978303c1064404db56a291557ef86e911fbf5fc2b2d2ebf62e1f5eafb909b7250cb94bf4bed1d6d73483484be1e86240adcfc54b83bb492695d14f2324ad6289f2469dbb76697e0f7c603bd29e90fa1e787a43440e1527c39dbf52fc145e6669214eec4f0bdb2ecdb6d193b7e6de9984bc1b3a7da97a14345cba21989b59c32ad7351a4e73d2666c068ea734ce315566cbec2e8d556635ce31389e3b79467e42243c74c3968d1e559ddc1e58276dd9e88984876ee4fbeffe10747ebee3c12ac709e0ddfc0b76976e17414722aba9335c7ed52a8c977fe602675c8e26cf41d4e845b415d40bb286ca34628fa7e6d72f44a32712e518ff4f2b25cb734025e000168079c00fcc0201600a080273401d1003ce17428c4247c69cc02f800544802732be14e003da33852b328c6dbdb9d989cccc6633e333f3e2465ece967f94ee197f03d169383beef01f470000000049454e44ae426082),
(2, 'altramuces', 0x89504e470d0a1a0a0000000d4948445200000017000000200806000000f955e3b50000000473424954080808087c086488000000097048597300000ec400000ec401952b0e1b000003b7494441544889ed944d681d5514c77fe7ce9b79f96c92e651db1aaa699ab76811a1955643c0122c84ee04dbaac545a18b42c18d1abbe8c695d085eeaa7421a820b812a448502b119ec64603d26817696bd398d034ad49d3e4e5bdbc99b9c7c5ccfbcc871657420f5c86b9f7dcdfff7fcebd5c7814ff35747c57f261f265a3c5c21fbd07d4f29a080715ba05f1142d085c5365480c9f7a3b33971f0aaeb77aba7cdf9c57382422eb1a505515f826d4e0747df74fd7ff119ebbd6db6f0c9f0bb269a3aa30ade0b482ff274af0c05a8ed5776706d78517c67b9f57c3a088d46dc8dd7c0ad3720c5d1e06538f7df02576e9bbbc58fabd74e6fb5570bdd5db56f0b92a225b3704b7bc8ad37eaa6a4ed512ce0c60972fcf782ebbe589cc3c8029b9f6f5ec2ab0b8356817d37a7c95a088c1b49d4044b606be9e2d1901d0e97d0d889c2c25371f26d1f1314eea0ccef60f90869e683ed9b58660bc279906c08a9cd4e97d0d25f84ab6beaf788052bf1f27f536e275629a0f61eaf6e03cf62ed2d887da029a1d42c307d56d09eea0f9df221164d34abebe0f2011fbdf5b2aa5f538b5b74f4470da5f27987c09700867ce204d2f205e2704b311dc9fac50632f70d1446a6ca1a89bdcbd66d9984670b711fef51ed2f02cd86534f7336a17517f0a5dfaba6c26e645ce55438a6e83193491424c63d988cda1f92b10cc41a21dc20530496cf607f06fae36a21a96e00293c57a343f86cd8d609afa11773b1adcc3662f21de4ec4db0189c72191c2b4bc8c693b4178ef7d74f162751b4dc48bae62427f2c2e8473e791baa7d1fc18e1fc2768fe0ae27660e73e44bc3492d882d3fa0a2282888b937a03dcce9a16463c89aac0f8377a6f20f26439a1099ccd10cc82e6411a90860338a93711a7b98a15dc7907cd5e2ab664c2edca748960a303152cc2b9aa1d7609fcc9080ca03ee2b446a295ed0d66d1dc68454f3827822db70570473317141dae3d9b72f8a80610cc94f5f3bf13dc7e0becfd48081d764733174ac597048f12064170445527d6c3ebe257d8a56f517f069bbf8abdff59e9b6a8ea44100447e42861b9889ac88eefef4888f785187966fd2a6a44adfe1268e1c5c6f4c854e5bca94d6c4c8f4c790bb91eabe180c2dd0da170d76a38e02de47a6ac16b3aafda3cbe2b1924b6f5a37ad0421aa50961c9c038224389e0f6a0a4afaffcdb0aff3f51db96d3c02830051c068a6feb2450009e8bff7f8dbf6e9cf3143016af7f0464019c0af00ea2d76c0fb0102728e00129a005b0b1a1e5383704e6818ed850321ed3eb55616251a998939a51745dfc9a7878ab7af3286ae36f0182718be5fc75690000000049454e44ae426082),
(3, 'apio', 0x89504e470d0a1a0a0000000d4948445200000017000000200806000000f955e3b50000000473424954080808087c086488000000097048597300000ec400000ec401952b0e1b00000327494441544889ed944d68545714c77fe7bef7268993040d463ac6969662432b6224d1a2201852a49b4624a85d74a33b17aedcd56de952a81b97eaa2142bad682b88188c9152c9476da01fa4129a4e279918a7119299bcf978f38e8bf9709cc99b8c505cf95fdd77effffcee39f7dd7be0b55eb5a4dee2d13bbbbaf276e8b8f81c04de43684549027fa961c4f2b257ae7e3435f752f043b73ee86873c25f62382148282858d12c70712593fafcf6c77f2cad0b3f7c774f8f0dd70579ab5e55559b443d387cbd7ffcd740f8d0f09e1d08f7456453e57c47a893b75bb7d31ff904c130f1df28230b375fdc40f529ca81ef06c67faf811ffd765b8bdf197928487765d0bece0192de32a7bacfb2e0ce9148c7e90abf433439c38fb1af995bfda7b28269d314df7d757fcc05b04b0bf9cec8195305de60b532f8e667002ca6e3ecdcd487aa22223812c2cdbb2f642f48b766226720f6058001e89de8750c9cae3e4bc784789a4df06edbfb7484363396b8c7a3e5df0a201164edfb70ba77a2d701b000f67fbaad5f444e55bb32becb4f8b7748641eb3a539c2f7d14ba4bc15c2763b677f3949ca5b59832de18d19b9f7e7e5f9bf6d0055dd2b1274e595bb0b3f604458f592445333cccc7c455ef301fe020f18b68b256e0d741665894d8b15a6c93483d6f79678663de873b885a2844c1396b11a8a31002a043ee192da9c8d64fd349e7ae4fc5c5d6f8957381665bc7e9701c1e0ab4fd25b46d5afef55c6cb99cfb6fba3aaba18646eb63650fee15a38a2c0ac551767dbfdd1327cb26f32a7703e386bb0c546516ce3e098c05e86c2f9c9bec95c190e309f889f53d5e9b502dcfc2a79cdf3241de78d962ee2eebf01609d9e4fc4cf95becbf007c7622eca90aad6b44e809f9f0cf3e1e67e1ebb732cb8b15ab0ea123e430f8ec5ca3da1e6371e19debbcb88de10798996ab1af55506af0d8c4d55ced7dcf36b0363536927dda3ea5f50d5ec3ad0acaa7f21eda47baac16b665ea9c1dbbbb73a8e731cd583c076a00d58011e213292cbe5aedc38f470be81e2fe7f35f68e0b3ea73836400b50ff99b2ceb114b50538022c01ed14dad62c10026ed50b6ca471ed288233c037c57133906a20f6b55eb19e017e433bc342400e780000000049454e44ae426082),
(4, 'cacahuete', 0x89504e470d0a1a0a0000000d4948445200000017000000200806000000f955e3b50000000473424954080808087c086488000000097048597300000ec400000ec401952b0e1b00000481494441544889ed955b6c544518c77f73ceee9ed2eeb2dbed658b4d0b550b54501404542e85b6a044d207132f31f0463010025a35f1c1a40fc28b4142111fc08498208a69a2894120a5d08b203440c428d016d096d6dea02ddd2edbee6dc6873dbb6c772b10df4cf85e4e66e6fffde69bfff932038f6292100f236aa82acd16114bb1ae2b7b24227c4a0f5f5bb9abe9f67f869fd858e134ecf21d85580fcc1142c4b54a29055c16a883019fb66fd5fefa918786ff5c55f6ba44ec1542e43ea83aa5d48086dab26cd7a9dae4352d79a2b9aaa25a22befb37b035c389b058ef552744ae447cd75c55517ddfca9bde2bdb82107b122d88c5b4972a29287b0b25c3685683be7347e9ac3b084ac64ea0106a6be967a7f6a6c0cf5495ce8e08cb25104632d8b3680d052bdfe066fd21fcfd37d18d293c5eb989be96a3f4fef2638252056438f4dc8a9ae6ab136c89a06f9f0c6cb5bb98be7a1d6d873f657ca89ff4dc426c8e4cfacefd84a36056b21186a65b3e898d3480faad651e2544653218a0a0fc6d067e6d203db790744f21e3c37d04bd43a4e7cd20e04ded46254465fdd6324f1c6ed8b47281b0268a0c570e335edd40eefc72eeb45fc4d773036fc765d2323d64cd5d82bb64117d678f44eb4dfcc108abd5222a002c001129e76ae25ee37816be4ce1aaf5f49cfe81d6af776099e2c036358b906f84cc92c5d81c6e7edbfb2eaee2f94c5fbd1ec39d47dfd9235cff7e8fb9819a13af5c28cd1503bb9f7a91fce5afd17a6807e3c3fd685683e0e810e383bd14ae5e4760b89fdff77d88d5ee64e69b1f60b8f38804fc64cd5d82d51ec52893172d57287f0c5eb476035d27bfc536350b5f571b321cc4e6ccc6e6ca01a1d171f40028853dbf18a145d32d69198c0df610f27b49e459ccadae210446a607213482de210223b7c87a7a19a39d5790a100456b37d27dea30ba9186f389790cb79e67e86a0b53b2f3e9bf7082eea65a9092382f060f4bd568114a85c746859e964ed07707dd4867f4662b69ee6964ce5e48d01bb56671752d32348eaffb3a7f7cf9516ab728a574a91ae3f0f29a86b6a6aaf296c8b8ff85be96633cb3692761bf17dd4827121aa7ff7c1ddd8db5e43c5b8a6e33404570cd9c8f637a09a39d5793f92d4b6b1adaeed9022065b5d2b4e39dc7bf125d27bfc19ae124ecf711098ec52581e10100346b1a420832f28a26c095520a29e3774cbcff4a7737d429380020434102776e4d0003783bae70b7f72f84a6110905f0765c9e68091c28dddd50171b5b1217b31dbd9b0747a73d26845893622680925cfa7c1bae27e73176fb6fc606ba12cd3e96ede8dd9c284fb9fd2e6c5c601db33b774ac4162144ca959cb29f5212a5bec8b83bf2fef3fb2f86ee0b8f45f3b6158b95a67d2c84f60a62e209a354c24ac9e342caedcb6b1a5b26633cf00d6da82acdd6d1974a98a929ec52e0d3a03d42e4f4c3bca3ffcf48b46506900fb403f3002f10343583803329b718b8069498da1be6dc396008404f102f024e03654001103685e5400e300bc820dabe76537306700353811ec030c7ddc995ebc002a013b86b26649a4900cafc7acc9314017f02d2d459cc9c76f3248f62f2f807faa2baf034dd678e0000000049454e44ae426082),
(5, 'crustaceo', 0x89504e470d0a1a0a0000000d4948445200000017000000200806000000f955e3b50000000473424954080808087c086488000000097048597300000ec400000ec401952b0e1b000003de494441544889ed95cd6f545518c67fcfb9f3d929339d9696295fa9886820822260501b08464314d495c64457e2c2b06163e282c4906862301a59e81fa00bd1c420d04c484894444548a0898921910fa9604ba54087d2efb9735f179de9dc5b4a95b871c1939cc53def7b7ee7b9ef79efb9704fff59c5b3c9bb49d75cc1455d371fc7f13a669b81072425cc6c123887748c802f7ab7e54ede15bcf560697922a64fc19e917447036666a0a393beed1c78b1e9fc3fc20b5da5ad9ef4954476aeb78a6ec250c5ec95fe6d4d47c2f32e022eded8e44907c2e08e8648cab41624ebbe24b29e74a050bcb1695678aeab94f770fb2552b5b90f56a5e868101b9bbd08784dcef148cee39d15f5f3954879b8fdb9ae52fe3678a363b750a1f6dcd9e2f1ea9238999878b3231181ef5a9e642c30de5a96607dbebeb150a1d1b9dd1178fb216bc0b4230c78ba2d8680771f4af1fe6f1311f847e726d8b73a8d80ad0b62d17a99ed683f640dd37079835bc2756e4988988424dee81ee5c248c0ca798ed6a478b0d1f1eb50c08eee312491f64436c497c8ca1bda522f8bb9b5e1cd1f6bf238f25719df8cf100762e4b507c3243f796791c7e22c36b4be20c968dc08cef067c36e467b897ad058801c8a9ad365f488afef180479b3cbebc5ce6e387d3acc9396aed9ef6c47bab527c3fe0f36d9f4f3e2e2e8e04b424c4f549abd5be6ddab999556af09407494ff48f1b1bf21e9918ccfc8e3c897c5cdc9f71540c462a463e5ecfa9f1aadd62976a819e516369dab1323bb530e966ff402b0612b425c586bcc7f991205c974bd365c1b9e3583df44d5f99d68478a13d4ec58cd934114073020e5e2973657c468ee3f8b4f3be13d99366f484e3cf17621cbdea7379cce889b8823343156ef9c64fd72b6c9e1f3d4c337afa4e644fd69def5160c5d25ea1cf6a49cd09c7d509635ff728be4df573da136315a3d8efd318132f2d8c735f267a3d986c2f7b1440f8e2fadabc45999b3f48da08f06c5b8c21df589c769c1eac7071b4ee7e695aaccfc7182c1b9ee0e855bfeada7eee1dc975f2b22a5138d07cf8daa2b48bfd28a923e9a6ea3a9b3c41606040a307c31530b31e05fe537f6e9fdf5b2f7d4837b6cfef457ea705c1a93b8161aa536a47385c010b8253c8ef0c836f733ead53165fd85fda25e96d49ad77dac4cc06ccecc3be42d327ac5379667ccedf1c454bb607b7b64ac166608544a319c3c0593377ec8a9b7784e7343127e3ffa4967f9b182ecb6a200bb40219e08feafc02e002b01e380dac00ae55c73ae0176021300cac043e074a10ed96143009c4011fc8018b813355f0ef400148566393d5f562aa7992c04520727d879508bd8daa1b79d5a15962ae3ae2a1f5f734b7fe06ab8353fc463e34f00000000049454e44ae426082),
(6, 'dioxidoAzufreSulfitos', 0x89504e470d0a1a0a0000000d4948445200000017000000200806000000f955e3b50000000473424954080808087c086488000000097048597300000ec400000ec401952b0e1b00000349494441544889ed944d6c545514c77fe74de7cd4767fa6c0b2d968285d469081fd252823102a94a090975c347a2b220c49018090b08b8731863c4c88ac444c144a30b1b591863096a52ad13131202182211625bac24add241da9969dfb433d399eb62ee40998f16e28e709297fbeeb9e7feeeff9cf7ee81c7f648993c686090cd151e9c9553a4ed10e199ff0d0fb2dd6b58b25f9057156aad883895526941ae28d497d9983a1de26ce2a1e1c1aa97db0d382306cbcac5a82c4359d81d8a7f7ba9d4baa324d8dade66087d62487d4d73036d7bb722224c8d4fd2b4690dd54df524c626c8a4d2d5827a65b33bf04338d9ff4f21c72802b3cb34906e11f1032c6c59cae275019c1e134fb58fc0d6f5ace87a8e64cccea52ee23790ee20bbcc79e10e2bb9474402b37dd3d1494c9f9745ab97e3b22a717a5d983ecfdd75110938ace49e425645a143a176c8ac4f31d87b99c8b59bd8b7a3645269feecbb82e9739349a5efdb9745ed043e9d5339b06af6a4b1bd85cef7f6612da923939aa1f6e9c56c79771ff5abeeffce06b2725ee5803bfff2cc6b2fd2fcd23ace9ffc9ac0b6f53c7f6827c98904173f3987ffc95a361e69e397135fe5737617828ae18a61843a00c3e1e0fbb74e6347a2786b2dac257584dfefc68e4459deb1164f8dffde36c57021aaa82c0a7ebabb58e1c08e44118741f5b2458c5e1dc28e444184058146ee0c8c94dc5756b982532875101133f2fb5f741e7f1d7b749cda402357cffccc8ecf8e121bbe4d436b33e1e3dd79d92905a70a594597289cec1feb70b508221df1917ff9fbd7019a36ada637f839638323dcf8f1324d1bd7f0dde18fef2957848ec57bbe296495bbfef28ed5f5a1823744a46c8b504a29818fde8ef51cc8253d8ff2bcf525fbcfbde06ab90ed28a50534c665029f566307ef683728c0769b912f4776d30847690274045b38a4ba1899e0ba5d4ce67ae87dd5056951e3768a81bb0812a2001987a3e056475cc0ae00ba013b805340283402b304d2e9b21e0b77ccd170033fa49eb3141ee1e4c0049ed53fab071a0411f36aac701ed77013781c97235f70235405c6791d659a5f59a476733a3e7d74a414af516b4ea6781ebc04ac0a763c734300654eab23d05fc01640a2173fd2d06b932983a2ea37df95eab00a7f64dcfc1796c8f8afd074c210d5a1b57e1a80000000049454e44ae426082),
(7, 'frutosCascara', 0x89504e470d0a1a0a0000000d4948445200000017000000200806000000f955e3b50000000473424954080808087c086488000000097048597300000ec400000ec401952b0e1b00000422494441544889dd94cd6f546514879f73efdc99e97c155aa7ad050badd02258a1b42210344804aa112426b8b02c145d182431d1953b77ba70438c097f804b30801a411268056320c58404810e924a4911a8b4b49d9976a673ef71316fbfe6a3ca12cfeabde79ef7f9fddef37ec0e31ab2d0cf4467674cbd8a3d886e159595400448aae80d54bac59a38d67cf2e4d823c17bdb5f0fc5aa9d4f153e129168b9c9aa3a2e7068ecc1d4e71d97be4fff2b3cf1f29ea7d5911322b27aa15515885c9529dddd7cf6d8cdb2f0ebdb77355a96ef3c487d498a6d81eb9593b8e379b92dab4e7fd73f9db1a607bdeded8e88ef6839b0af264efc83fdd88b1795814bbd88ef686f7bbb53048f54351c1491b6a229c12095bb3aa9debf8f60eb1a967cf119b1d77680146f9788b4c5aa1a0ece832b7b6d11f9b8b0d88a46881f788fd8abdbc9deba8d974c921dbc43f5bb5d5475bd85f89dc22978c227ca5e7b069ed899dd2cc2d2c2c2f881f7093dbf1e717c4c5cbe821d8b11ee68c38e84f1d5c6a97ea7ab086e892c49eccc6e9e6d8b271b0b8b7c7535f86ae2646ff633792d81974ae1ab8d03a0ae4bf8850e421d6d045b4b1c2ac3b3f2bd2a761dd9b2097774142c0b2f99c257570308ee7892c9eb3748fefc0bced27aa25bb714b1159e9a752e621515e4728437b4136c59819b4ae1d4d592bed08b1d8b22013f15ad6bc8f4fd811d2dbe6322796e7e4355ef16f52e1cc29bcc207e3f562080555181bf69199acb6105fc00045634e28e96b8fdca5d005f7e2c970a0f5670553353837f2101077b5125b9918758a1105630885db5182f3d01b68dbf697911db12e99d711ec80c77abeac8dc023b1ac15952476ee8014efd936826cbe4b504ee7812cbef27776f0811c18ecd6f8baa8ef832c3dd33f0c69e9e4985c3738bee7df915c9b3e709ad5f4ba069393a9525d4f61cd95b0364fa07d04c86a9fb43a47ebd38bfdf70b8b1a76712c09e4e7e58db7c51fcd225229500ded8381397afe06f6cc04ba571871f92fd73002b1241d3692a5a9f61e8d061467f3c0d9e4ebb1ef092eedb5fdfeecb1aa1d9e8dbb16703c8191109cfb7234830880878e9099cfa3adc87a3f9becfb62305baade5a763334b297a20fa76bef1a2a8f52d224f14fe2b1baa7fab786fb69c3a7e6e6ebae87cb79c3a7e4e73d975aa1c41b5dcfb3a0df55439a2b9ecba427049e77323b16df76acf67ef13d82ab05285882849851b0add56cefda6f9cc89abff717d8f512cd4964dc0385005f403496019100706010770813160a014c02e9534f10af9e76115f98df78011235605448db9b0117b24f828700ff8cd88c481df01057240c6d4a8a95b3084fc3b2ce4971f34e306e37ca9711c334221e33a68be31b992cec3c046a019d80e5c065e32ae9e35226b4d6d1330041c30f04eb3925620310d9c7b893c23709ffc067906b00ca8042a8c603510304217cc8a7e001a4dfe7f10ff00a77469376b8b061c0000000049454e44ae426082),
(8, 'gluten', 0x89504e470d0a1a0a0000000d4948445200000017000000200806000000f955e3b50000000473424954080808087c086488000000097048597300000ec400000ec401952b0e1b00000446494441544889d595596c546514c77fe7bb77a69d8d29746c502a4b595aac0104190a0d4b0c4d8c1a08098a89161312139306213e19a20f0463e21b8b46df8c90804f6ea9cb830dc5048745699410b6129556144a5bdb61bacc728f0f733bdce90c353c19cec34cee774e7ee77ffef7cbb9f0a0864c955490d1dd4d6b1cd50daa6691180dab2377449c2b46a433b0ffd48f027a5f700549ed5af50ac85b88cc2f240211184d7a0af51ae83ba103a73f29d7a4043ed4b6b2dab2cda788d95838b4fd904d636aeb717a2f9751e37c9fcb3a2f463f38dbef3d36a560eb441118905014fc017cebb721916ab06c08453d0566a3655b2786da565697852b88655bc710692c52158c60d5c7c1e7c7cc5b82af653bd6e2d5901a9ae481345ab6754c3d6e14e0a95d4dad88b44c9e588251acfa38566d03ce8d6e241021d77daed49a7c8396d4aea6d622b88220ec292aac0c0182bdbc054d0ee2dfbc137c15a43b8ec058aa3c1c40d833a1de000cb5ad5c01525f54343e82c466e17bea25b2bf1e47a23172174ec2c83053df60a9cff35cb8cf679a8bf2c16980e4bd363676d326b2a7dbd1fe5e3439c814579b3ccf6ef6d862e616f5ae0822b15a7c6bb792e93c8afde4d31088e0f4fd09c694c11587c2dcbb7055ffe4b4b5700552330709cfc8abeeeb41fb7b21979de44269b3099ec9ff689f376966d66135ac42876f6335c4b11f5f4bf6a7ef203c1d8c952f0a84a12208e12a08468be0133c039053f9a5484cb80aab3e8ed3dd056329c68fee43a231480e20a12aa46636d6bca5546c7b332f644ee3dda61e9e0148abd3a1aa2385b1928388bf12e79f5b642f9ec25ef73c4ecf25084430754ba8dcf11e56431c094fc74463e8f808884c58329256a7a3008f1d3a332ce8e142e72b67c95e4ce05bbb15dfeacd64befe08a9aac1bfa90d6bfe1348640628644e7e46f66202e7fa85c2bb10f470ecd0996100bb304bc6d98bcfbc80300327872607707e3f4fbafd43acc56bc8fd761e6b4e23cec05f64125f904d7c890ede0427e7bd0703649cbd057bbd5e0fbdbefa3923fab9d83edbffec6ba4bf7a1f80ca373e46076e90bbd6058e43b6ab03468a778baa6645654bf860a2fdee8bf544f460a21dd55633fbb1b19c67b56a7f2fd682e598598bc89efdb6048cea18aaad5e7089f242edf5cbeb468fbc7dc0e9eb59661e5980ddbc856c57074e9985a5aa3f8b23af860f25ba26e7eeb9241424b53bfe4ce5f677778c1dddd7ac99f11a11115555116e019de01c09ed3ff3cdbd3e75537e43bd717b677c1a6913c1ef24276ec3ff1ae5940781387013a80186000798065403bd4008b80ed4013dc062e03890f482caadb865c0396036f003b001580af8801450e5e6d415b10878d415f09fca0db0caa3ac1bc80001f71fe06160101805a60333812e77ca29e113f110500bfce14247810620ea42d2eed91db7514958e50edd584fde863a57f518b090fccaa805fe065e769fafde2fbc8afcb829f213d60157dc2972aeeaabee8497a6e03c80f12fba9d8d8b12104b220000000049454e44ae426082),
(9, 'granosSesamo', 0x89504e470d0a1a0a0000000d4948445200000017000000200806000000f955e3b50000000473424954080808087c086488000000097048597300000ec400000ec401952b0e1b00000430494441544889dd956f4c956514c07fe7fd732f4c904a49a344a91016212913446c09fea1f5ef4be9e66af38b21432b34d7646944abb5c8f483b380d8585bb9b55ac3d556b2a14b96538b492e5161580802098a70f9772ff7bd4f1fee7be15eeebdd6a7b63adbbb67e739e7fcde73cef39ef781ffadd4576c8da93db8f3f1a39fee7f75d435d46e59d6b71d977e29aaafd81af377b112cd5077a824cdf269e5202f88c81c8065d9ebc85ab981e1a11b1cfbf2a33194fa5ad77cef6fdb557de51fc12b2ad092e6eed887f0a6208ec0beae1b28a54849cd0284ce2b2d00289407c57bbd2347deadacc417ccd283954d9b36e9590f157c2e22af0812624bcf5c4de68a425acf35726bf07a5076a28b4841bc73e5d2d884250d6d6d6d2a60d38201eb57255689c89648251aa683c405c964e73d15c98c886c59bf2ab12a786f1a5e73a0748d8894458c04c65c4398a683ccec424c47e4b31491b29a03a56bc2e0a2c93b205ac428a0b7bb03c3e144d3749cced8285ea2f939b60650fbe1ce14a5a94e11093be0c4858b191f1d666cf436498b963237613e977f3b8dae1ba42fcbe79ef9499c3dd580c73d0180524a591edfc3a5e59f5c35ecfc0b23819fd8f8124b3372714f8e73b4ee2d7abbdbe9ed6e2771e1620a9edc8a88a050589637b8356238f402e0aa06a044a5cd0627a76490fa480e1ef724ba6e4cef2f487a90673797e14f4531f8673796772a2436c0f3f75811371bfe586e1103fd5d18a6c9d9e66378a7dc00e4ac790e5d3788898d233e611eade71ac35b6ff30cbb512304752526360e4dd3314d27c71baae9e9ba3c6d334cff5c399cb15c68690af9e667e06a6406aec9a560dbe4c418a74f7ec540ff35940a193a4e7eff19e999f90cf4774d4f6998d83c0360d2e36e8a31632c91c0c42a6ef4fd11e29fb7f679ae775de6daef1739f3e33791a180525832e56e02bbe7afedadeb11d40f5123f01ff0eac2cd2ccf2dba931b2875bc786f5dcf341cc0abb4fd0ae58d167373e03a96d74376ded3a43d9a178decd5d1f605b46978e99ec3e711de8e066ffbf5140977df8b88909c9211d1c7a754e5b63d87cf07f4903fdf77c77f6e7e6663ce3c11726707ba466e716bb00fa57c5c6839c1f8e87068ce8ac325af1f290fde8b7859d41edc51a2145522121fad9219a87289f046f1ee23d5b36d516fa29a83c5f7e1337721f2a20849e1507a51ea0bb4a943db77d7f64562448507cbc71f94a419ba9e6aa1e275c4e5d5ad8ed22857dbbf26fa1d6ccbf10f591630083c00c4db31736cbb0b580644f80704c63f5c16dbeb5d403e600205c04fc022fcedac07b6039db6ae6643a2f5dc00d60237814920036801d281db80dbaee206b0046804ac28ac9097059e405586ad2fb05733822f41fb211906cb066002586167570dbc0c9c004a8166fce57702f7db150d02e340373006b40660b30f7491bdce012e023d801748b50167804c3bdb78a0c34e70c2f61bb65ff61f97bf00ac31605692277e9a0000000049454e44ae426082),
(10, 'huevo', 0x89504e470d0a1a0a0000000d4948445200000017000000200806000000f955e3b50000000473424954080808087c086488000000097048597300000ec400000ec401952b0e1b00000389494441544889ed954d685c5514c77fe7be7933ce4ca62d6913626afdc098624c82444a83b19a80d04a101325b872e346ec42d1318a2008a220d611e2a2a20b45dc540a124a295605930a31256e9a8e49535213036d694a6a8c3319e7e3bde3e26526f3918f465742ff70e1def3cefddd73ce3dbc0bb7f45fa420336fdf759b82dcec9e0d1d93b1967651794e854e411a003f90019d461952d1afc2d1f3a35b82a7624d0d8aefa82a8f8bc8ba01a8aa8af083903b1c8c4e4c6f0a4fc55a0fa9f23522dbd6241a1fb8b9f25396447836181dff765df872acf93155735a440215d0e00eec43ef22a19d38978670463f2dcf222de21e0c45e3c38538f293c558533598636b82c560771fc139ff0dba70095ffb0b48fd83a52e220130c73c4e19dcafbeb740ea0ade76a830b55a9e46c420d57763dddf8d886035f754c40052e7718aca72f5486b78bb70255f67df232f61f6ec03639339f10afeeef791da265007f17989b93766c97cd95bc9575dfa53a9bfbd7f3c69002242571e6ceedc8f846b70e283484d23fe9e8fc98d7e06c62a80012452c79acd26b22d227401f8bcd368cbfb59cdbd38f141ec9e014404d9d580ecd883fbfbcf80e08c7d8eba3924104176de83fe31b746f7d0069cf40118436de11276b721752d88e55fadf9034f9139f12aa6762ff613ef21559ebb26e6bd716386ec4f03b0bc4031cf00b8aa8e979205a16accf6fad24c6b1a91401576f707053080a61671264fe14c7d87ffc98f0af63ccf8b5c650e01d405270bc6aa28a5b9b713b1ec525b4d23a6eb75dcf90b2bdd25807abc7ce4a83b922f96fbdb30e5d26b139098afb0af66b61767ec0b4029e6198060327e56556701b2c331dceb53abe0bfae91fdfe1d9ce91fd1a5ab9507a716c99e7a13e7d7416fad3a1b4cc6cf42512f253f6c7d51448e7aa10852d70262a1f313904b7b4e55b5f8f63d8fd9751f9a49e0ce8ee04c9e844c72f530d5c3e1d7c63f29816b1fd6727beb19411e5e37ff4da4e8486874fc51398e53280b801cc72197ee5398f977606642b9745f1e5c020708bf3175053880ead8d6c83a061c106f7f41a6dc2f1c3d773918b13b5cd57e60fd16f134efaaf607237647387aee72f9c70d9fb98b030d81ddd9e04111e954a511a80212225c54d5a1909d3a2d2f4fa737cdec7fa78dcad20b2480bf57d61dc0056012780858006a8039e0cc5a808a0b2d9205d8c01d40fe59fa057806b80ee456c0fb6f22890ac9cac8ffadac221b45769b5bda8afe014d4f46255031f7700000000049454e44ae426082),
(11, 'lacteo', 0x89504e470d0a1a0a0000000d4948445200000017000000200806000000f955e3b50000000473424954080808087c086488000000097048597300000ec400000ec401952b0e1b00000355494441544889ed955d6c146514869f33b3b3bb74d7766beb4658e80652a169c0b616ac128b608ce10a31c6a0c6c49f98fa43a831dca18957dc4962ea5f4524926a0241b8200103d1d0087ad1429042406ab06c4b1761890d481176bb73bce874bb9d7e2d9818bde1bdd9cc79dfeff9ce99f96607eee8bf964c67b63456cd0c89ae517439c87d4014b806faab209d3755766c3eda7fe11fc1dfaa4bc64682ee46515e1591e0548b5535abc216f786bcfbe989fea15bc2df6848dc6fdbd61e11494e37956f9394957757b51d1bec29ae5bc517ebeaab6a6ddb3a782b70a824c2dc450f100ccf18ed5024e9dad6c175f555b5c6ce5f4c26c3a5f7b8c710a9f1c31e5efd1c97ce9d25b9b09eea8626163435e30443ec6d7f9ffd5b3f2c1ee197ab19ab615b2a75032030568f56baeb4d6080275e5a4b38122552565ea87dfbf9071cf8f2e38941919a68a5bb9e141b0bb7a5a5114784563ff4aebb2b59fbd1d70c5f19a2e3bdb7c9e7470a5ed7be5da8eb4e6a4484d696469c023ca889661189fb834fb66e60ff176d1cfea6836879059635fe886a97ae300d8988c4839a682ec0b1ad074d41db0ef05bcf11ea56ac245e35179171f8ead60dc4e2338d1b8cf146d3ca2c6317b64d4dd33206ce9ce4d1352f4ff09c5098479e7ec10cf77896d91dd5d5cb9758fad4f3446315844a2293fceac687a65bee9d16216d323bb76fe59d1ddf1108868c8b2b13e6d741e102789dbbe4bb4da13fd203f476ff8488f92fc80e3866b8e4bb0af0cc70fa90aa664cc1cb832923602a4f553399e1f4a1027ce729b2a8b699005dfb76e31ace3340d7de5d86b6b56de729b205388073914daadaebcf0e9ceee1fb8e76547542bdefc4517edcfd95bfeb5ee7229bc6ae27dcccd717cf5e18c0fa4184727cba77de7c4a4acbb0ed0023b92cfda77bc8e772456086467097b51f397fd208077873c9ac7a0b7b8f207326cf6c96a2032ef9559f74a77f2eaedbfe6077facfdf17c54ab7398ec614ea44645266bc5bcd09bae5afeb3cb3f9f8609fdf9ff633f75addec8413e459549603f341a320d7805e443b7359b67f76fcfce0ed4ef8af6aaa916d408b7e238c9eac195ecd66fc5b10f6326a8298f418d007bc029402710fbc1258e2811703d5c0e3401ab872bbf0054099d77105701338eb7939e09cb7e175e00c30a7c8bfa3ff517f03fa55112143726ece0000000049454e44ae426082),
(12, 'moluscos', 0x89504e470d0a1a0a0000000d4948445200000017000000200806000000f955e3b50000000473424954080808087c086488000000097048597300000ec400000ec401952b0e1b00000406494441544889ed965d6c544518869f6fce9eb367bbcb22b4946691a2883440318684a8050324228862e285f14a13c2952626c6843b12528d89e14e134de44ec50bbcd1484ba818c140361013035a20458406e80fa5fcb474dbfd3bf379d173b6dbb2548c5726bc3733f3cdcc33ef37336772e0a1fea364c3d1a33e200f3c61b6ceedc7cf3d0bf64d15d9082c13f0148ac045513d06e6eb83cfaf3cf9afe0dbb3ddcbd4f239ca0b22725f03aaaa083f89e19d836dad17ff11be2ddbbdd509e400427ab6aca6afc2288ebe71b0adf5f07de1af64cf6d20b05d22128f62ae086be725295965a850a2c977714538753b4749b53a8b028ed9d2d1b6f2977be02f1eee9eef25e5ac084d512ce3bbbcb774214b933e0043851273620e09c7703197e78bde212e8f17ab1660b098d3553f6e6dbd05602a0e93ba3b023fea7b7cbaba994f5a9be9cf97d0d0e1b77db718c84fc1de7fa289cf9e5ac222df9d742a34b949dd1df51b80cd5da79382ec8c823b9a1bc8f81e12a63f50280150173324630e003fdf1865a414b030eeb2a3b9a16a9f65e7e6aed3c90adc4f389b44246d803d2d1916273c7ac70b00bcb4702e7f8c4e0090740c29c7a0aa8c952d2d29bf02ddd392c1002292f613cea60a5c913500ae1156cd495056e5cbabc38c079615299f915200403ae6e03b861bc5324fcfad4344387ef32e67462658914a60c2135433c93361a311a060955c60698cbbbcfd5823df0fdc066071c22350a5c18be188d03b5e607d7d8a817c91817c89b716d7930b2ce5f0f228933c131e7310a597bd35064063dc65f3823467ef4eb0666e1dd70b251ae39307b7c0731184bf72055ecfcc434438797bacb245112f1636af44f1afae0eb3b42ece93299f057117df311811eabd18367496f15d46cb01ebe6a710112e8ce5d97ff52655ba52712e62b251b460950f7afaf87d741c80393107d708716348389389c61d43bd174344f8ed4e8e0f7bfa98b076eac6843c03d071e4c02955ed8d3a27acf2514f3f1d83772a777ca6ac2a87aedfe1e33f0798b0d3bed4de8e23074e4ded797bbb55d5bdd5930360ffb561868ae59af0e162996faeddc4ce88abea5edadbed141ce81c3cbf4f215b3d7059d2a7d18b514b0d5e8c8cef4d0743b673f0fcbea83dede17af5c4f98c253821c8e351ec11d7c1a9f1ea1602cb5830e55be1b2c1acff61fd8afe9a708097b33d8b4c50fa0e91b5352dd792eaafd6715feb6c6be9ab0e9b99e33adb5afafa13f975aa76972a43b3331952b5bbfa13f97533c1359d576beba10b71275ddc6254362aba5c84942a63825cb0a2c78251afebf0b6e585074df0ffa35adbf26e589e03d2401e3803248067987c322e011648027e58f602d3fe04ee3950603c04fa21a01e5802ac064642d012a05035e612f0dc83661365e4867527ac037833ca684cd4ff50b3eb6f7b7e843f757b5c800000000049454e44ae426082),
(13, 'mostaza', 0x89504e470d0a1a0a0000000d4948445200000017000000200806000000f955e3b50000000473424954080808087c086488000000097048597300000ec400000ec401952b0e1b00000387494441544889ed964d4c5c6514869f73e7efce949901da29586969da41205148d0852e30fcc486a85d181786054d774db4868571a7a60bd998189dd245ab3506426c8c8924ae0c9ac2a289a3b1c45a8c408b25504bb05282c3c0303ff7b8e04e1d983b52e2caa4efe6e63bdff99ef3e6fb39b9f0500e92074dfce6c291b03b6504b3a69578eed46f2bff09ae2063fd0d2fa0da23d0a61011115155f5871ebddbf2ca97718f19fe0af84c44d61f18fe6dffd11697ba3f169196ed73beb26a9a5f1ac01f3e6447ac5f217752c4fbc38ef0d1b30ddd887e2a886f67705e561a8cd744e46261d4281c8cc5ea8f8be8e0eec0a02ade5bf1d8f9b158fd7147f8e8b9da6a150640dc45ab8148b40b3374d001acccc663ccfd78dea5c2c0e8b9daea62e739df1911a970028bcb4bb0aa898589cf51d52de05bf10f99bb7a61334fa4829cefcc16783c160d21d2e30406d05c9ad53f27091d788a3bd72fa1aa36f803e6af7eb4cd89f4c463d110801b20a5d22986044ac1c570b3f7701b89c56b840f3cc9ecf767512bcbfcf8c5e25c9140ca924e60d80da02ea3b9d48537dc2666a886e9cb6fb3b63c83774f15e9e462291fe479c0b00120ca3e67b09fface3eb21b7fb1b63c03b02318008b08d87b6e41c629a7aeed1d167ef98274f28f9d810512217d1f8e30eb9494cbac935c9ada1518c0b279863dbab23da1b2b6158f594e7623b16bb8c7e619001dbd93e3aad6168bd58d2f3339f2266a658b16072a8ee22f3f8c18c5ef4dd59a6aed9d1c07fb2a028a411fca2040d9be4682554db4befa33d98d041b8905d657e650cd12dcff04fef0e64bcda6932c4e0e3373e53dd4b28fcda00fd07fb605683f3d3da4aa2300e5079fc60c3e828881c70c53166920123dc6febae7ef83372de508541cc15f7ec876ad23eda7a787f2d3858d4b7d996437aa13b77f1a607efc137219c7360d402ab1c0dd9b23fc7e6d88b57b33a03ae1cb24bbf3aec1a1e57efd7e4da5e9dd7309e498e136095446f106f6e2f685717b83a89525b3bec4ead234a995b9bcaf91543ad9ddf5c6ed7b852cc787a920a3fd75270c35de42245ad2beea4d4bac77db5fbf3128058eff155e58e472acfe1997d086481d586560aca27a23a78c75f44e7de704fdffcb55227e0268060240131005bc40179b7da80348012f022650062c6d8718db0305f172a0125807968167813b400d10041a81ebc063c0e34e905207eab5bf39206cbbf4d88500b2766101f23f48e912ac87daaabf01c82c48c25558cf3d0000000049454e44ae426082),
(14, 'soja', 0x89504e470d0a1a0a0000000d4948445200000017000000200806000000f955e3b50000000473424954080808087c086488000000097048597300000ec400000ec401952b0e1b00000411494441544889ed954b6c945514c77f675ea5339dc2d0176de5554a216d89a428eda244228836821ab08253d890208941a2c6b8d1866058292b034d1a178d129c0624d00491044910898f6a5552d0160af868696de974fa9e57bfe3a23374663a58222ba3ffe53de7feeeb9fffb7de7c0ff4a229931e3e88b994025224502690a23a85e032e51e3b9f3cfe01f6f2b17e46d90a744c4921856d530e859450fe06efcf6fee0f5abac92befc20e81e414c00151985b86c0e3eebbe3c2d5d5103e4900eb5bdc1ee96506ccc1c9779acda26d69c2611b60b2200736d0e2eacab65d792c709ea0497fada13aa131128c796f9085b971fe7f8cf13d198292e316ca913a12a766d4fd193cc4b9d43c008736045359bf2cb923980085512b6d4c5ae4dc13d351b04d999b8e9e9bc9500f407861111f6956e4e0a8fdc62279e9a0dd3e0a2ba7ff286f1cab43901f085c6002872e6de138e8888eafe78f8919a654079b2fcb39147f44f0401b8d8dbc633f965bc5cb89eeaf9e564a63813b7944778582247ac9584aa2b320a79f6a155584d663a867b50856b43dd2c4bcfe5e49ad7015055fc46889aaf0ed3d4d53255bc89b540bb05406069146a37dbf860f52eb62ea8b8eb52d008b3afb59ee2d9f9bc55f21c5d635ec23a41bad54e8ac94273ff8d787760a9dead5cd41efde45d3607ebe695a2803730c260688cd17080b539c5ccb1daf9de7b93c58e2c3252e6a2aaecfde123bafdbe04efd53ee5b9eadd68d7f8009bbe788f1ebf8f8c94340ad2b229999dcff99e2bbc7fed2ce77a5a1184ee711f7b5b3ea4eefab9e90f15e14d96eb71bb4dc8d1d878ba25951d8b2b294ccba1a9ab850bbdbff0e8dc02bef3de9c0e4b906118dba9f11c9db4458df32aa69020d668c250789cc33155153973f975b46f46b0a221443f87e8ef7fe2caa86c59f1b088140358c58c81c66d725852e8f6fb986fcf60c7a24ad6e79432c76627c3e6a473dc1b4b3f85dbd300d107053434518bd5bc5144524e54beca37fd1db40fdda63f38c262473659b39c14a7e7d3dc7f83a6ce1656ba1672faf68f34ac7e89458e4c3cbf7f8daa063434511b654e35ae5357eff07ca90fa5aaccb5483ee96c6620388a09a175b01380836d9f52e4cce5a781dfd8b6b002a77516bed01879a92e5a07ffd07123f81adb1bcf4c874fdad32c9b4ba5d97bf3b127e6ad90bec0302f2c28e74cf765de5cbe31728b2cf2525d34dcbac895c14e5a066ef1655f9bfac3c177707bde8dc5251f168dee6ab3caa1caac65d9058e6cfc46888ee13fb93ad889df886bd9a86aaf62bc82bbf15822e6de93a8be7a364eeb6e811d40496c7b505505ae2a1c613854cfeee383c91033cf5088ced1a5182627266318b83ed3fcfc77eb7e6cd90274004b0003f00205c04920a9d75199ff2e1891026b8040a4181b300b70450e7d200993dd330a2e7950e07f5c7f01843d7a4f1dea69640000000049454e44ae426082);

-- --------------------------------------------------------

--
-- Estructura de tabla para la tabla `alimento`
--

CREATE TABLE `alimento` (
  `id` int(11) NOT NULL,
  `activo_hosteltactil` tinyint(1) NOT NULL DEFAULT 1,
  `portada` varchar(250) NOT NULL,
  `titulo` varchar(250) NOT NULL,
  `descripcion_manual` varchar(300) DEFAULT NULL,
  `precio` varchar(20) NOT NULL,
  `categoria` varchar(50) NOT NULL,
  `categoria_id` bigint(20) UNSIGNED DEFAULT NULL,
  `oferta` tinyint(1) NOT NULL,
  `portada_oferta` varchar(150) DEFAULT NULL,
  `estado` varchar(50) NOT NULL,
  `descripcion_hosteltactil` text DEFAULT NULL
) ENGINE=InnoDB DEFAULT CHARSET=utf8mb4;

--
-- Volcado de datos para la tabla `alimento`
--

INSERT INTO `alimento` (`id`, `activo_hosteltactil`, `portada`, `titulo`, `descripcion_manual`, `precio`, `categoria`, `categoria_id`, `oferta`, `portada_oferta`, `estado`, `descripcion_hosteltactil`) VALUES
(1, 1, '', 'TOSTA FRANKFURT', '', '4.5', 'TOSTAS', 5, 0, NULL, 'Disponible', ''),
(5, 1, '', 'FANTA LIMON', '', '1.5', 'BEBIDAS', 1, 0, NULL, 'Disponible', ''),
(6, 1, '', 'NESTEA', '', '1.5', 'BEBIDAS', 1, 0, NULL, 'Disponible', ''),
(7, 1, '', 'ACUARIO LIMON', '', '1.5', 'BEBIDAS', 1, 0, NULL, 'Disponible', ''),
(8, 1, '', 'ACUARIO NARANJA', '', '1.5', 'BEBIDAS', 1, 0, NULL, 'Disponible', ''),
(18, 1, '', 'BROWNIE', '', '6', 'POSTRES', 4, 0, NULL, 'Disponible', ''),
(27, 1, '', 'TOMATE', '', '0', 'SALSAS PIZZA', 10, 0, NULL, 'Disponible', ''),
(1000001, 1, '66b5f878bef0d.jpg', 'HAMBURGUESA AL GUSTO', NULL, '11', 'HAMBURGUESA', 3, 0, NULL, 'Disponible', ''),
(1000002, 1, '66b5fd412710e.jpg', 'MEXICAN BURGER', NULL, '10', 'HAMBURGUESA', 3, 0, NULL, 'Disponible', ''),
(1000003, 1, '66b5f911bb303.jpg', 'MINI BURGER', NULL, '5', 'HAMBURGUESA', 3, 0, NULL, 'Disponible', ''),
(1000004, 1, '66b5fb8482980.jpg', 'CHICKEN BURGER', NULL, '8', 'HAMBURGUESA', 3, 0, NULL, 'Disponible', ''),
(1000005, 1, '66b5fbfe702bd.jpg', 'DOUBLE CHEESEBURGER', NULL, '8.5', 'HAMBURGUESA', 3, 0, NULL, 'Disponible', ''),
(1000006, 1, '66b5f39a2f8c4.jpg', 'PIZZA PEPPERONI', NULL, '8', 'PIZZA', 2, 0, NULL, 'Disponible', ''),
(1000007, 1, '66b5f60b59665.jpg', 'PIZZA CARBONARA', NULL, '10', 'PIZZA', 2, 0, NULL, 'Disponible', ''),
(1000008, 1, '66b5f6723810b.jpg', 'PIZZA SICILIANA', NULL, '15', 'PIZZA', 2, 0, NULL, 'Disponible', ''),
(1000009, 1, '66b5f6d4bab50.jpg', 'PIZZA 4 QUESOS', NULL, '10', 'PIZZA', 2, 0, NULL, 'Disponible', ''),
(1000011, 1, '', 'CHICKEN CAPRESE', '', '9', 'ENSALADAS', 6, 0, NULL, 'Disponible', ''),
(1000012, 1, '', 'ENSALADA GRIEGA', '', '9', 'ENSALADAS', 6, 0, NULL, 'Disponible', ''),
(1000013, 1, '', 'ENSALADA TURCA', '', '8', 'ENSALADAS', 6, 0, NULL, 'Disponible', ''),
(1000017, 1, '', 'COCA COLA', '', '1.5', 'BEBIDAS', 1, 0, NULL, 'Disponible', ''),
(1000019, 1, '', 'TOSTA IBERICA', '', '5', 'TOSTAS', 5, 0, NULL, 'Disponible', ''),
(1000020, 1, '', 'TOSTA CAPRESE', '', '4.5', 'TOSTAS', 5, 0, NULL, 'Disponible', ''),
(1000021, 1, '', 'COCA COLA ZERO', '', '1.5', 'BEBIDAS', 1, 0, NULL, 'Disponible', ''),
(1000022, 1, '', 'FANTA NARANJA', '', '1.5', 'BEBIDAS', 1, 0, NULL, 'Disponible', ''),
(1000023, 1, '', 'TARTA ZANAHORIA', '', '6', 'POSTRES', 4, 0, NULL, 'Disponible', ''),
(1000024, 1, '', 'TARTA DE LA ABUELA', '', '6', 'POSTRES', 4, 0, NULL, 'Disponible', ''),
(1000026, 1, '', 'NESTEA MARACUYA', '', '1.5', 'BEBIDAS', 1, 0, NULL, 'Disponible', ''),
(1000032, 1, '66b5fc5b8be85.jpg', 'CHEESEBURGER', NULL, '6.5', 'HAMBURGUESA', 3, 0, NULL, 'Disponible', ''),
(30102657, 1, '66b5f74c3b6d1.jpg', 'PIZZA AL GUSTO', NULL, '10', 'PIZZA', 2, 0, NULL, 'Disponible', ''),
(97394305, 1, '', 'LECHUGA', '', '0', 'INGREDIENTES HAMBURGUESAS', 8, 0, NULL, 'Disponible', ''),
(114900097, 0, '', 'CEBOLLA', '', '14', 'BEBIDAS', 1, 0, NULL, 'Disponible', ''),
(120767745, 1, '', 'MAYONESA ESPECIAL', '', '0', 'SALSAS HAMBURGUESAS', 11, 0, NULL, 'Disponible', ''),
(566491009, 1, '', 'KETCHUP', '', '0.6', 'SALSAS', 14, 0, NULL, 'Disponible', ''),
(599882497, 1, '', 'PATATAS CLASICAS', '', '1.5', 'PATATAS', 15, 0, NULL, 'Disponible', ''),
(621830657, 1, '', 'CEBOLLA', '', '0', 'INGREDIENTES PIZZA', 7, 0, NULL, 'Disponible', ''),
(640305409, 1, '', 'MAYONESA', '', '0.6', 'SALSAS', 14, 0, NULL, 'Disponible', ''),
(648428417, 1, '', 'JALAPEÑOS', '', '0', 'INGREDIENTES PIZZA', 7, 0, NULL, 'Disponible', ''),
(781724161, 1, '', 'SALSA DE LA CASA', '', '0', 'SALSAS HAMBURGUESAS', 11, 0, NULL, 'Disponible', ''),
(802162817, 1, '', 'CARBONARA', '', '0', 'SALSAS PIZZA', 10, 0, NULL, 'Disponible', ''),
(889128449, 1, '', 'QUESO', '', '0', 'INGREDIENTES HAMBURGUESAS', 8, 0, NULL, 'Disponible', ''),
(1006525825, 0, '', 'MENÚ HAMBURGUESA', '', '10', 'HAMBURGUESA', 3, 0, NULL, 'Disponible', ''),
(1127146369, 1, '', 'PRODUCTO DE PRUEBA', '', '1', 'CATEGRÍA DE PRUEBA', 12, 0, NULL, 'Disponible', ''),
(1145519361, 1, '', 'ATUN', '', '0', 'INGREDIENTES PIZZA', 7, 0, NULL, 'Disponible', ''),
(1244506753, 1, '', 'PIMIENTO', '', '0', 'INGREDIENTES PIZZA', 7, 0, NULL, 'Disponible', ''),
(1272294401, 1, '', 'NESTEA DE CEREZA', '', '2', 'BEBIDAS', 1, 0, NULL, 'Disponible', ''),
(1337230977, 1, '', 'SALSA BBQ', '', '0.6', 'SALSAS', 14, 0, NULL, 'Disponible', ''),
(1391185409, 1, '', 'SALSA ESPECIAL', '', '0.6', 'SALSAS', 14, 0, NULL, 'Disponible', ''),
(1515151745, 1, '', 'SMASH BURGUER ', '', '10.5', 'HAMBURGUESA', 3, 0, NULL, 'Disponible', ''),
(1522647297, 1, '', 'POLLO ', '', '0', 'INGREDIENTES PIZZA', 7, 0, NULL, 'Disponible', ''),
(1633641473, 1, '', 'TOMATE', '', '0', 'INGREDIENTES HAMBURGUESAS', 8, 0, NULL, 'Disponible', ''),
(1647359745, 1, '', 'ENVIO', '', '2.5', 'ENVIO', 13, 0, NULL, 'Disponible', ''),
(1663741697, 1, '', 'QUESO EXTRA', '', '0', 'INGREDIENTES PIZZA', 7, 0, NULL, 'Disponible', ''),
(1697542913, 1, '', 'BACON', '', '0', 'INGREDIENTES HAMBURGUESAS', 8, 0, NULL, 'Disponible', ''),
(1749104001, 1, '', 'BACON', '', '0', 'INGREDIENTES PIZZA', 7, 0, NULL, 'Disponible', ''),
(1770819585, 1, '', 'MENÚ BURGUER', '', '10', 'HAMBURGUESA', 3, 0, NULL, 'Disponible', ''),
(1781985409, 1, '', 'PATATAS DELUXE', '', '1.5', 'PATATAS', 15, 0, NULL, 'Disponible', ''),
(1852460929, 1, '', 'ACEITUNAS', '', '0', 'INGREDIENTES PIZZA', 7, 0, NULL, 'Disponible', ''),
(1871415681, 1, '', 'KETCHUP', '', '0', 'SALSAS HAMBURGUESAS', 11, 0, NULL, 'Disponible', ''),
(2039157377, 1, '', 'MOSTAZA', '', '0', 'SALSAS HAMBURGUESAS', 11, 0, NULL, 'Disponible', ''),
(2065778689, 1, '', 'BARBACOA', '', '0', 'SALSAS PIZZA', 10, 0, NULL, 'Disponible', '');

-- --------------------------------------------------------

--
-- Estructura de tabla para la tabla `alimento_alergeno`
--

CREATE TABLE `alimento_alergeno` (
  `alimento_id` int(11) NOT NULL,
  `alergeno_id` int(11) NOT NULL
) ENGINE=InnoDB DEFAULT CHARSET=utf8mb4;

-- --------------------------------------------------------

--
-- Estructura de tabla para la tabla `alimento_combinado`
--

CREATE TABLE `alimento_combinado` (
  `alimento_id` bigint(20) UNSIGNED NOT NULL,
  `combinado_id` bigint(20) UNSIGNED NOT NULL,
  `multiplicidad` int(11) DEFAULT 1,
  `created_at` timestamp NULL DEFAULT NULL,
  `updated_at` timestamp NULL DEFAULT NULL
) ENGINE=InnoDB DEFAULT CHARSET=utf8mb4 COLLATE=utf8mb4_unicode_ci;

--
-- Volcado de datos para la tabla `alimento_combinado`
--

INSERT INTO `alimento_combinado` (`alimento_id`, `combinado_id`, `multiplicidad`, `created_at`, `updated_at`) VALUES
(1000001, 2, 3, NULL, NULL),
(1000001, 3, 1, NULL, NULL),
(30102657, 1, 5, NULL, NULL),
(599882497, 6, 1, NULL, NULL),
(599882497, 7, 1, NULL, NULL),
(1006525825, 3, 1, NULL, NULL),
(1006525825, 5, 1, NULL, NULL),
(1006525825, 6, 1, NULL, NULL),
(1006525825, 7, 1, NULL, NULL),
(1006525825, 8, 1, NULL, NULL),
(1770819585, 5, 1, NULL, NULL),
(1770819585, 7, 1, NULL, NULL),
(1770819585, 8, 1, NULL, NULL),
(1781985409, 6, 1, NULL, NULL),
(1781985409, 8, 1, NULL, NULL);

-- --------------------------------------------------------

--
-- Estructura de tabla para la tabla `carrito`
--

CREATE TABLE `carrito` (
  `id` int(11) NOT NULL,
  `idalimento` int(11) NOT NULL,
  `iduser` int(10) UNSIGNED DEFAULT NULL,
  `producto` varchar(250) NOT NULL,
  `createAt` datetime NOT NULL,
  `estado` varchar(50) NOT NULL,
  `cantidad` int(11) NOT NULL,
  `precio` decimal(7,2) NOT NULL,
  `comentario` varchar(200) DEFAULT NULL,
  `uuid` varchar(255) DEFAULT NULL,
  `type_id` int(10) UNSIGNED NOT NULL DEFAULT 1
) ENGINE=InnoDB DEFAULT CHARSET=utf8mb4;

--
-- Volcado de datos para la tabla `carrito`
--

INSERT INTO `carrito` (`id`, `idalimento`, `iduser`, `producto`, `createAt`, `estado`, `cantidad`, `precio`, `comentario`, `uuid`, `type_id`) VALUES
(5928, 1000001, NULL, 'HAMBURGUESA AL GUSTO', '2024-08-13 09:12:56', 'En el carrito', 1, '11.00', 'Comentario al gusto', 'b0e4a6e6-6ab2-4092-a44f-8d3bff6a3984', 2),
(5929, 1000002, NULL, 'MEXICAN BURGER', '2024-08-13 09:13:11', 'En el carrito', 1, '10.00', 'poco hecha', 'b0e4a6e6-6ab2-4092-a44f-8d3bff6a3984', 2),
(5930, 1000001, NULL, 'HAMBURGUESA AL GUSTO', '2024-08-13 09:16:36', 'En el carrito', 1, '11.00', 'Comentario al gusto', 'cedb51c6-09e5-43df-8eb3-96b7a1f8411a', 2),
(5931, 1000003, NULL, 'MINI BURGER', '2024-08-13 09:16:50', 'En el carrito', 1, '5.00', '5 mini hamburguesas', 'cedb51c6-09e5-43df-8eb3-96b7a1f8411a', 2),
(5932, 1770819585, NULL, 'MENÚ BURGUER', '2024-08-13 09:30:13', 'En el carrito', 1, '10.00', 'Poco hecha', 'cedb51c6-09e5-43df-8eb3-96b7a1f8411a', 2),
(5944, 1000006, 10, 'PIZZA PEPPERONI', '2024-08-14 11:37:50', 'En el carrito', 3, '8.00', NULL, 'a1c1f98d-8423-4861-bf20-94f8ae2adb96', 1),
(5955, 1000002, 10, 'MEXICAN BURGER', '2024-08-16 12:39:09', 'En el carrito', 2, '10.00', NULL, '30be01f5-959b-48c2-89ae-0bd43f4b1f1a', 1),
(5971, 1000003, 10, 'MINI BURGER', '2024-08-19 13:02:22', 'En el carrito', 1, '5.00', NULL, 'a3956dc3-548e-4eb7-b17d-6711c64285cb', 1);

-- --------------------------------------------------------

--
-- Estructura de tabla para la tabla `carrito_cupon`
--

CREATE TABLE `carrito_cupon` (
  `id` int(10) UNSIGNED NOT NULL,
  `carrito_id` int(10) UNSIGNED NOT NULL,
  `cupon_id` int(10) UNSIGNED NOT NULL,
  `created_at` timestamp NULL DEFAULT NULL,
  `updated_at` timestamp NULL DEFAULT NULL,
  `descuento_aplicado` decimal(8,2) NOT NULL
) ENGINE=InnoDB DEFAULT CHARSET=utf8mb4 COLLATE=utf8mb4_unicode_ci;

--
-- Volcado de datos para la tabla `carrito_cupon`
--

INSERT INTO `carrito_cupon` (`id`, `carrito_id`, `cupon_id`, `created_at`, `updated_at`, `descuento_aplicado`) VALUES
(94, 5945, 17, '2024-08-16 10:11:05', '2024-08-16 10:11:05', '2.40'),
(95, 5945, 14, '2024-08-16 10:19:40', '2024-08-16 10:19:40', '0.00'),
(96, 5954, 17, '2024-08-16 10:25:50', '2024-08-16 10:25:50', '2.04'),
(97, 5954, 14, '2024-08-16 10:26:00', '2024-08-16 10:26:00', '0.00'),
(98, 5955, 14, '2024-08-16 10:39:19', '2024-08-16 10:39:19', '0.00'),
(99, 5955, 17, '2024-08-16 10:39:30', '2024-08-16 10:39:30', '2.40'),
(100, 5956, 17, '2024-08-19 07:39:22', '2024-08-19 07:39:22', '1.80'),
(101, 5956, 14, '2024-08-19 07:39:42', '2024-08-19 07:39:42', '0.00'),
(102, 5958, 17, '2024-08-19 08:37:17', '2024-08-19 08:37:17', '1.80'),
(103, 5958, 14, '2024-08-19 08:37:26', '2024-08-19 08:37:26', '0.00'),
(104, 5963, 14, '2024-08-19 09:26:21', '2024-08-19 09:26:21', '0.00');

-- --------------------------------------------------------

--
-- Estructura de tabla para la tabla `carrito_subproductos`
--

CREATE TABLE `carrito_subproductos` (
  `id` bigint(20) UNSIGNED NOT NULL,
  `registro_id` bigint(20) UNSIGNED NOT NULL,
  `subproducto_id` bigint(20) UNSIGNED NOT NULL,
  `created_at` timestamp NULL DEFAULT NULL,
  `updated_at` timestamp NULL DEFAULT NULL
) ENGINE=InnoDB DEFAULT CHARSET=utf8mb4 COLLATE=utf8mb4_unicode_ci;

--
-- Volcado de datos para la tabla `carrito_subproductos`
--

INSERT INTO `carrito_subproductos` (`id`, `registro_id`, `subproducto_id`, `created_at`, `updated_at`) VALUES
(6, 3, 1000021, '2024-07-25 09:47:24', '2024-07-25 09:47:24'),
(7, 3, 599882497, '2024-07-25 09:47:24', '2024-07-25 09:47:24'),
(8, 3, 566491009, '2024-07-25 09:47:24', '2024-07-25 09:47:24'),
(9, 3, 1515151745, '2024-07-25 09:47:24', '2024-07-25 09:47:24'),
(10, 16, 1145519361, '2024-08-09 11:31:00', '2024-08-09 11:31:00'),
(11, 16, 1244506753, '2024-08-09 11:31:00', '2024-08-09 11:31:00'),
(12, 16, 621830657, '2024-08-09 11:31:00', '2024-08-09 11:31:00'),
(13, 16, 1633641473, '2024-08-09 11:31:00', '2024-08-09 11:31:00'),
(14, 17, 1145519361, '2024-08-12 07:52:30', '2024-08-12 07:52:30'),
(15, 17, 1244506753, '2024-08-12 07:52:30', '2024-08-12 07:52:30'),
(16, 17, 621830657, '2024-08-12 07:52:30', '2024-08-12 07:52:30'),
(17, 17, 1633641473, '2024-08-12 07:52:30', '2024-08-12 07:52:30'),
(18, 18, 1145519361, '2024-08-12 10:52:02', '2024-08-12 10:52:02'),
(19, 18, 1244506753, '2024-08-12 10:52:02', '2024-08-12 10:52:02'),
(20, 18, 1633641473, '2024-08-12 10:52:02', '2024-08-12 10:52:02'),
(21, 1916, 1145519361, '2024-08-12 11:04:07', '2024-08-12 11:04:07'),
(22, 1916, 621830657, '2024-08-12 11:04:07', '2024-08-12 11:04:07'),
(23, 1916, 1633641473, '2024-08-12 11:04:07', '2024-08-12 11:04:07'),
(24, 5919, 1244506753, '2024-08-12 11:10:52', '2024-08-12 11:10:52'),
(25, 5919, 648428417, '2024-08-12 11:10:52', '2024-08-12 11:10:52'),
(26, 5919, 97394305, '2024-08-12 11:10:52', '2024-08-12 11:10:52'),
(33, 5924, 1244506753, '2024-08-12 11:58:33', '2024-08-12 11:58:33'),
(34, 5924, 648428417, '2024-08-12 11:58:33', '2024-08-12 11:58:33'),
(35, 5924, 1663741697, '2024-08-12 11:58:33', '2024-08-12 11:58:33'),
(36, 5924, 1633641473, '2024-08-12 11:58:33', '2024-08-12 11:58:33'),
(37, 5926, 1244506753, '2024-08-13 07:09:14', '2024-08-13 07:09:14'),
(38, 5926, 648428417, '2024-08-13 07:09:14', '2024-08-13 07:09:14'),
(39, 5926, 97394305, '2024-08-13 07:09:14', '2024-08-13 07:09:14'),
(40, 5928, 1244506753, '2024-08-13 07:12:56', '2024-08-13 07:12:56'),
(41, 5928, 1663741697, '2024-08-13 07:12:56', '2024-08-13 07:12:56'),
(42, 5928, 97394305, '2024-08-13 07:12:56', '2024-08-13 07:12:56'),
(43, 5930, 1244506753, '2024-08-13 07:16:36', '2024-08-13 07:16:36'),
(44, 5930, 621830657, '2024-08-13 07:16:36', '2024-08-13 07:16:36'),
(45, 5930, 1663741697, '2024-08-13 07:16:36', '2024-08-13 07:16:36'),
(46, 5930, 97394305, '2024-08-13 07:16:36', '2024-08-13 07:16:36'),
(47, 5932, 1000017, '2024-08-13 07:30:13', '2024-08-13 07:30:13'),
(48, 5932, 599882497, '2024-08-13 07:30:13', '2024-08-13 07:30:13'),
(49, 5932, 640305409, '2024-08-13 07:30:13', '2024-08-13 07:30:13'),
(50, 5932, 1000001, '2024-08-13 07:30:13', '2024-08-13 07:30:13'),
(51, 5932, 97394305, '2024-08-13 07:30:13', '2024-08-13 07:30:13');

-- --------------------------------------------------------

--
-- Estructura de tabla para la tabla `combinado`
--

CREATE TABLE `combinado` (
  `id` int(11) NOT NULL,
  `nombrecombi` varchar(200) NOT NULL
) ENGINE=InnoDB DEFAULT CHARSET=utf8;

--
-- Volcado de datos para la tabla `combinado`
--

INSERT INTO `combinado` (`id`, `nombrecombi`) VALUES
(1, 'COMBI PIZZA'),
(2, 'INGREDIENTES PIZZA'),
(3, 'INGRED. HAMBURG'),
(5, 'Bebidas de Menu'),
(6, 'ELIGE TU SALSA'),
(7, 'ELIGE TUS PATATAS'),
(8, 'MENÚ HAMBURGUESA');

-- --------------------------------------------------------

--
-- Estructura de tabla para la tabla `combinado_subproducto`
--

CREATE TABLE `combinado_subproducto` (
  `combinado_id` bigint(20) UNSIGNED NOT NULL,
  `subproducto_id` bigint(20) UNSIGNED NOT NULL,
  `created_at` timestamp NULL DEFAULT NULL,
  `updated_at` timestamp NULL DEFAULT NULL
) ENGINE=InnoDB DEFAULT CHARSET=utf8mb4 COLLATE=utf8mb4_unicode_ci;

--
-- Volcado de datos para la tabla `combinado_subproducto`
--

INSERT INTO `combinado_subproducto` (`combinado_id`, `subproducto_id`, `created_at`, `updated_at`) VALUES
(1, 1145519361, '2023-11-16 14:30:45', '2023-11-16 14:30:45'),
(1, 1244506753, '2023-11-16 14:30:45', '2023-11-16 14:30:45'),
(1, 621830657, '2023-11-16 14:30:45', '2023-11-16 14:30:45'),
(1, 648428417, '2023-11-16 14:30:45', '2023-11-16 14:30:45'),
(1, 1663741697, '2023-11-16 14:30:45', '2023-11-16 14:30:45'),
(3, 1633641473, '2023-11-16 14:30:45', '2023-11-16 14:30:45'),
(3, 97394305, '2023-11-16 14:30:45', '2023-11-16 14:30:45'),
(3, 889128449, '2023-11-16 14:30:45', '2023-11-16 14:30:45'),
(2, 1145519361, '2023-11-16 14:30:45', '2023-11-16 14:30:45'),
(2, 1244506753, '2023-11-16 14:30:45', '2023-11-16 14:30:45'),
(2, 621830657, '2023-11-16 14:30:45', '2023-11-16 14:30:45'),
(2, 648428417, '2023-11-16 14:30:45', '2023-11-16 14:30:45'),
(2, 1663741697, '2023-11-16 14:30:45', '2023-11-16 14:30:45'),
(5, 1000017, '2024-07-25 09:36:27', '2024-07-25 09:36:27'),
(5, 1000021, '2024-07-25 09:36:27', '2024-07-25 09:36:27'),
(5, 1000022, '2024-07-25 09:36:27', '2024-07-25 09:36:27'),
(5, 5, '2024-07-25 09:36:27', '2024-07-25 09:36:27'),
(5, 6, '2024-07-25 09:36:27', '2024-07-25 09:36:27'),
(5, 1000026, '2024-07-25 09:36:27', '2024-07-25 09:36:27'),
(5, 7, '2024-07-25 09:36:27', '2024-07-25 09:36:27'),
(5, 8, '2024-07-25 09:36:27', '2024-07-25 09:36:27'),
(5, 1272294401, '2024-07-25 09:36:27', '2024-07-25 09:36:27'),
(6, 640305409, '2024-07-25 09:36:27', '2024-07-25 09:36:27'),
(6, 1337230977, '2024-07-25 09:36:27', '2024-07-25 09:36:27'),
(6, 1391185409, '2024-07-25 09:36:27', '2024-07-25 09:36:27'),
(6, 566491009, '2024-07-25 09:36:27', '2024-07-25 09:36:27'),
(7, 599882497, '2024-07-25 09:36:27', '2024-07-25 09:36:27'),
(7, 1781985409, '2024-07-25 09:36:27', '2024-07-25 09:36:27'),
(8, 1515151745, '2024-07-25 09:36:27', '2024-07-25 09:36:27'),
(8, 1000032, '2024-07-25 09:36:27', '2024-07-25 09:36:27'),
(8, 1000005, '2024-07-25 09:36:27', '2024-07-25 09:36:27'),
(8, 1000004, '2024-07-25 09:36:27', '2024-07-25 09:36:27'),
(8, 1000003, '2024-07-25 09:36:27', '2024-07-25 09:36:27'),
(8, 1000002, '2024-07-25 09:36:27', '2024-07-25 09:36:27'),
(8, 1000001, '2024-07-25 09:36:27', '2024-07-25 09:36:27');

-- --------------------------------------------------------

--
-- Estructura de tabla para la tabla `config_general`
--

CREATE TABLE `config_general` (
  `id` int(11) NOT NULL,
  `nombre_empresa` varchar(150) NOT NULL,
  `logo` varchar(100) NOT NULL,
  `cr` varchar(150) NOT NULL,
  `ubicacion` longtext NOT NULL,
  `correo` varchar(150) NOT NULL,
  `telefono1` varchar(30) NOT NULL,
  `telefono2` varchar(30) NOT NULL,
  `facebook` varchar(300) NOT NULL,
  `twitter` varchar(300) NOT NULL,
  `instagram` varchar(300) NOT NULL,
  `horarios` varchar(300) NOT NULL,
  `iframe` longtext NOT NULL,
  `categorias_menu` longtext NOT NULL,
  `color_texto_menu` varchar(20) NOT NULL,
  `color_fondo_menu` varchar(10) NOT NULL,
  `facebook_iframe` longtext NOT NULL,
  `stripe_public` varchar(4000) DEFAULT NULL,
  `stripe_private` varchar(4000) DEFAULT NULL,
  `counter` int(11) NOT NULL,
  `hosteltactil_api` varchar(255) DEFAULT NULL,
  `hosteltactil_token` varchar(4000) DEFAULT NULL,
  `hosteltactil_idlocal` varchar(255) DEFAULT NULL,
  `hosteltactil_tarifa` int(10) UNSIGNED NOT NULL DEFAULT 1,
  `carta` varchar(255) DEFAULT NULL,
  `gastos_de_envio_d` int(10) UNSIGNED DEFAULT NULL,
  `gastos_de_envio_id` int(10) UNSIGNED DEFAULT NULL,
  `precio_minimo` int(11) DEFAULT 8
) ENGINE=InnoDB DEFAULT CHARSET=utf8mb4;

--
-- Volcado de datos para la tabla `config_general`
--

INSERT INTO `config_general` (`id`, `nombre_empresa`, `logo`, `cr`, `ubicacion`, `correo`, `telefono1`, `telefono2`, `facebook`, `twitter`, `instagram`, `horarios`, `iframe`, `categorias_menu`, `color_texto_menu`, `color_fondo_menu`, `facebook_iframe`, `stripe_public`, `stripe_private`, `counter`, `hosteltactil_api`, `hosteltactil_token`, `hosteltactil_idlocal`, `hosteltactil_tarifa`, `carta`, `gastos_de_envio_d`, `gastos_de_envio_id`, `precio_minimo`) VALUES
(1, 'Tu Ristorante', '61f16a6bdf25d.png', 'Efipos Delivery  © 2021 Privacy Policy', 'Algeciras (Cádiz)', 'info@efiposdelivery.com', '(+34) 634-808235', '(+34) 722-391313', 'https://www.facebook.com/', 'https://www.twitter.com/', 'https://www.instagram.com/', '9:30am-8:30pm', '<iframe src=\"https://www.google.com/maps/embed?pb=!1m18!1m12!1m3!1d51559.36245493664!2d-5.492873877024269!3d36.13100775336723!2m3!1f0!2f0!3f0!3m2!1i1024!2i768!4f13.1!3m3!1m2!1s0xd0c9496ba5d5751%3A0xa626ca859cd81ce9!2sAlgeciras%2C%20C%C3%A1diz!5e0!3m2!1ses!2ses!4v1637771647831!5m2!1ses!2ses\" width=\"100%\" height=\"450\" style=\"border:0;\" allowfullscreen=\"\" loading=\"lazy\"></iframe>', 'Pizzas, Hamburguesas, Bebidas, Tostadas, Ensaladas', '#ffd966', '#cc0000', '<iframe src=\"https://www.facebook.com/plugins/page.php?href=https%3A%2F%2Fwww.facebook.com%2Fenespanol&tabs=timeline&width=340&height=350&small_header=false&adapt_container_width=true&hide_cover=false&show_facepile=true&appId=775587709299584\" width=\"340\" height=\"350\" style=\"border:none;overflow:hidden\" scrolling=\"no\" frameborder=\"0\" allowTransparency=\"true\" allow=\"encrypted-media\"></iframe>', 'pk_test_51IIGtFCSJVoJmrj7CFf8dAB9G6SRpyynBGw4DAG8Ktd5YaNjRTb0iuDFNOGMz5GxaDUIg33QBcMyFbJUrt4YpDsC00IA1ala4m', 'sk_test_51IIGtFCSJVoJmrj7bTEI1rQ0JyP8L60O05cID0ejmnCvIOOSLLJ8OvZh0WMDjviW9mMQPW1UsTc4ePXOqGfHSTt800UfYwsqbV', 0, 'http://46.183.119.158:20200/api', 'HjtBBUCxd6mNkxApKo3GNXyPdLMFbF35wJ6pt_Q-FDrv2-Ubl2551Sdz_NseNb81q8p97usjLagA63WFaKw4nxxlr2gcBozU119HGvysts0q09XLcI4pjlHUWWFO0yUG3hDfNmaCYfDeridsdZvJGngxKxAAgb20NL-BRaFroZVgcer9sbaj-mt9OkSGYj3WpAV5_3P37ylGNqZuxItgHekb669gvpugxg3cYdTuS0oE_9HDRmd-zOVd-lyBgK3A_ZO7rW-PmDRFqWxhusuFJdbHJNtAyjGUpuPDsA1w-h6_cghOejzfh87M87czU-3sLvqKRUFgAj_3P0H3QElJVFFI-ULkzxG4yiXRA4hgXI2LQbEPR1ishGx_vjfZ3Xm8tFgpBLhUr4nDINdzu8XRUxoEvNCVOUbCaK1IwLb7saPlluQAiJ8ZdzN57qarpw9-0YooeaxgVACinyPYQuuIJvct9mk7DKpJHOvbZMZH1og', '1143', 1, '659ead96ce84b.pdf', NULL, 1647359745, 4);

-- --------------------------------------------------------

--
-- Estructura de tabla para la tabla `contacto`
--

CREATE TABLE `contacto` (
  `id` int(11) NOT NULL,
  `nombres` varchar(50) NOT NULL,
  `apellidos` varchar(50) NOT NULL,
  `mensaje` varchar(500) NOT NULL,
  `correo` varchar(50) NOT NULL,
  `createAt` date NOT NULL,
  `telefono` int(9) NOT NULL
) ENGINE=InnoDB DEFAULT CHARSET=utf8mb4;

-- --------------------------------------------------------

--
-- Estructura de tabla para la tabla `cupon`
--

CREATE TABLE `cupon` (
  `id` int(11) NOT NULL,
  `nombre` varchar(255) COLLATE utf16_bin NOT NULL,
  `codigo` varchar(50) COLLATE utf16_bin NOT NULL,
  `fecha_inicio` date NOT NULL,
  `fecha_fin` date NOT NULL,
  `num_canjeos` int(11) DEFAULT 0,
  `canjeos_max` int(11) DEFAULT NULL,
  `precio_minimo` decimal(10,2) DEFAULT 0.00,
  `tipo_descuento` enum('porcentaje','envio_gratis') COLLATE utf16_bin NOT NULL,
  `descuento` decimal(5,2) DEFAULT NULL,
  `categoria` varchar(255) COLLATE utf16_bin DEFAULT NULL,
  `activo` tinyint(1) DEFAULT 1
) ENGINE=InnoDB DEFAULT CHARSET=utf16 COLLATE=utf16_bin;

--
-- Volcado de datos para la tabla `cupon`
--

INSERT INTO `cupon` (`id`, `nombre`, `codigo`, `fecha_inicio`, `fecha_fin`, `num_canjeos`, `canjeos_max`, `precio_minimo`, `tipo_descuento`, `descuento`, `categoria`, `activo`) VALUES
(14, 'prueba', 'prueba02', '2024-08-14', '2024-08-31', 6, 10, '15.00', 'envio_gratis', NULL, '', 1),
(15, 'prueba porcentaje', 'prueba01', '2024-08-14', '2024-08-31', 10, 10, '20.00', 'porcentaje', '10.00', '', 1),
(16, 'Futuro', 'fut01', '2024-08-19', '2024-08-31', 0, 10, '15.00', 'porcentaje', '15.00', '', 1),
(17, 'Cupon valido', 'prueba03', '2024-08-15', '2024-08-31', 5, 100, '15.00', 'porcentaje', '12.00', '', 1);

-- --------------------------------------------------------

--
-- Estructura de tabla para la tabla `currencies`
--

CREATE TABLE `currencies` (
  `iso` varchar(3) COLLATE utf8mb4_unicode_ci NOT NULL,
  `created_at` timestamp NULL DEFAULT NULL,
  `updated_at` timestamp NULL DEFAULT NULL
) ENGINE=InnoDB DEFAULT CHARSET=utf8mb4 COLLATE=utf8mb4_unicode_ci;

--
-- Volcado de datos para la tabla `currencies`
--

INSERT INTO `currencies` (`iso`, `created_at`, `updated_at`) VALUES
('eur', '2022-01-20 16:47:07', '2022-01-20 16:47:07');

-- --------------------------------------------------------

--
-- Estructura de tabla para la tabla `failed_jobs`
--

CREATE TABLE `failed_jobs` (
  `id` bigint(20) UNSIGNED NOT NULL,
  `connection` text COLLATE utf8mb4_unicode_ci NOT NULL,
  `queue` text COLLATE utf8mb4_unicode_ci NOT NULL,
  `payload` longtext COLLATE utf8mb4_unicode_ci NOT NULL,
  `exception` longtext COLLATE utf8mb4_unicode_ci NOT NULL,
  `failed_at` timestamp NOT NULL DEFAULT current_timestamp()
) ENGINE=InnoDB DEFAULT CHARSET=utf8mb4 COLLATE=utf8mb4_unicode_ci;

-- --------------------------------------------------------

--
-- Estructura de tabla para la tabla `faq`
--

CREATE TABLE `faq` (
  `id` int(11) NOT NULL,
  `pregunta` varchar(150) NOT NULL,
  `respuesta` longtext NOT NULL
) ENGINE=InnoDB DEFAULT CHARSET=utf8mb4;

--
-- Volcado de datos para la tabla `faq`
--

INSERT INTO `faq` (`id`, `pregunta`, `respuesta`) VALUES
(1, 'Can I track my order?', 'Yes, you can! After placing your order you will receive an order confirmation via email. Each order starts production 24 hours after your order is placed. Within 72 hours of you placing your order, you will receive an expected delivery date. When the order ships, you will receive another email with the tracking number and a link to trace the order online with the carrier.'),
(2, 'How can I change something in my order?', 'If you need to change something in your order, please contact us immediately. We usually process orders within 2-4 hours, and once we have processed your order, we will be unable to make any changes.'),
(3, 'How can I pay for my order?', 'We accept Visa, MasterCard, and American Express credit and debit cards for your convenience.'),
(4, 'Can I return an item?', 'Please contact our administrators for more information.'),
(5, 'How long will my order take to be delivered?', 'Delivery times will depend on your location. Once payment is confirmed your order will be packaged. Delivery can be expected within 10 business days.'),
(6, 'How long will my order take to be delivered? e', 'Delivery times will depend on your location. Once payment is confirmed your order will be packaged. Delivery can be expected within 10 business days.'),
(7, 'How long will my order take to be delivered?', 'Delivery times will depend on your location. Once payment is confirmed your order will be packaged. Delivery can be expected within 10 business days.');

-- --------------------------------------------------------

--
-- Estructura de tabla para la tabla `galeria`
--

CREATE TABLE `galeria` (
  `id` int(11) NOT NULL,
  `foto` varchar(250) NOT NULL,
  `titulo` varchar(250) NOT NULL,
  `resena` varchar(250) NOT NULL
) ENGINE=InnoDB DEFAULT CHARSET=utf8mb4;

--
-- Volcado de datos para la tabla `galeria`
--

INSERT INTO `galeria` (`id`, `foto`, `titulo`, `resena`) VALUES
(1, '5eca91a71d780.jpeg', 'Salads', 'We offer a vast variety of salads, both classic and modern, including world favorites.'),
(2, '5eca94497ac3d.jpeg', 'Snacks', 'Looking for a tasty snack? Fast Food menu has something to offer!'),
(6, '5eca9741a97ed.jpeg', 'Sandwiches', 'Our sandwiches are perfect if you want to have a quick bite at affordable price.'),
(7, '5eca976d92a83.jpeg', 'Mini Hamburgers', 'Finish the design for blog listings and articles, including mixed meda'),
(8, '5eca979010907.jpeg', 'Pizzas', 'Various types of our pizza always taste awesome, even if ordered online.'),
(9, '5eca97afb3bed.jpeg', 'Desserts', 'From tiramisu to cheesecakes, in Fast Food menu you will find a lot of tasty desserts.'),
(11, '61fac9011ede5.jpeg', 'Prueba', 'Esto es una prueba');

-- --------------------------------------------------------

--
-- Estructura de tabla para la tabla `horario`
--

CREATE TABLE `horario` (
  `id` int(11) NOT NULL,
  `dia` varchar(50) COLLATE utf16_bin NOT NULL,
  `desde` time DEFAULT NULL,
  `hasta` time DEFAULT NULL,
  `cerrado` tinyint(1) DEFAULT 0
) ENGINE=InnoDB DEFAULT CHARSET=utf16 COLLATE=utf16_bin;

--
-- Volcado de datos para la tabla `horario`
--

INSERT INTO `horario` (`id`, `dia`, `desde`, `hasta`, `cerrado`) VALUES
(1, 'Lunes', '00:00:00', '23:45:00', 0),
(2, 'Martes', '00:00:00', '02:00:00', 0),
(3, 'Martes', '02:00:00', '04:45:00', 0),
(4, 'Martes', '04:45:00', '14:30:00', 0),
(5, 'Miércoles', '00:00:00', '22:30:00', 0),
(6, 'Jueves', '04:00:00', '17:00:00', 0),
(7, 'Viernes', '09:00:00', '14:00:00', 0),
(8, 'Sábado', NULL, NULL, 1),
(9, 'Domingo', '14:00:00', '19:00:00', 0);

-- --------------------------------------------------------

--
-- Estructura de tabla para la tabla `inicio`
--

CREATE TABLE `inicio` (
  `id` int(11) NOT NULL,
  `titulo_cabecera` varchar(50) NOT NULL,
  `titulo_principal` varchar(100) NOT NULL,
  `precio` varchar(10) NOT NULL,
  `titulo_producto` varchar(50) NOT NULL,
  `foot_img_uno` varchar(250) NOT NULL,
  `foot_img_dos` varchar(250) NOT NULL,
  `foot_img_tres` varchar(250) NOT NULL,
  `foot_img_cuatro` varchar(250) NOT NULL
) ENGINE=InnoDB DEFAULT CHARSET=utf8mb4;

--
-- Volcado de datos para la tabla `inicio`
--

INSERT INTO `inicio` (`id`, `titulo_cabecera`, `titulo_principal`, `precio`, `titulo_producto`, `foot_img_uno`, `foot_img_dos`, `foot_img_tres`, `foot_img_cuatro`) VALUES
(1, 'Miercoles', 'PIZZA DAY', '6.00€', 'Todas nuestras pizzas', '5ec15aa3e95d3.jpeg', '5ec15aa3ea063.jpeg', '5ec15aa3ea7e3.jpeg', '5ec15aa3ead45.jpeg');

-- --------------------------------------------------------

--
-- Estructura de tabla para la tabla `locales`
--

CREATE TABLE `locales` (
  `id` int(11) NOT NULL,
  `nombre` varchar(150) NOT NULL,
  `ciudad` varchar(50) NOT NULL,
  `direccion` varchar(500) NOT NULL
) ENGINE=InnoDB DEFAULT CHARSET=utf8mb4;

-- --------------------------------------------------------

--
-- Estructura de tabla para la tabla `menu_comida`
--

CREATE TABLE `menu_comida` (
  `id` int(11) NOT NULL,
  `activo` tinyint(1) NOT NULL DEFAULT 1,
  `titulo` varchar(50) NOT NULL,
  `preview` varchar(250) DEFAULT NULL,
  `enlace` varchar(300) DEFAULT NULL,
  `fondo` varchar(250) DEFAULT NULL,
  `activo_hosteltactil` tinyint(1) NOT NULL
) ENGINE=InnoDB DEFAULT CHARSET=utf8mb4;

--
-- Volcado de datos para la tabla `menu_comida`
--

INSERT INTO `menu_comida` (`id`, `activo`, `titulo`, `preview`, `enlace`, `fondo`, `activo_hosteltactil`) VALUES
(2, 1, 'PIZZA', '5ec6ee1e0059d.png', 'https://backoffice.efiposdelivery.com/menu/pizzas', '5ec6ee1e00c91.jpeg', 1),
(3, 1, 'HAMBURGUESA', '5ec83835e4b86.png', 'https://backoffice.efiposdelivery.com/menu/hamburguesas', '5ec83835e59b8.jpeg', 1),
(4, 1, 'POSTRES', '5ec8386490d96.png', 'https://backoffice.efiposdelivery.com/menu/bebidas', '5ec8386491268.jpeg', 1),
(5, 1, 'TOSTAS', '5ec8387616a89.png', 'https://backoffice.efiposdelivery.com/menu/tostadas', '5ec8387616fa8.jpeg', 1),
(6, 1, 'ENSALADAS', '5ec83894e13fe.png', 'https://backoffice.efiposdelivery.com/menu/ensaladas', '5ec83894e191e.jpeg', 1),
(7, 1, 'INGREDIENTES PIZZA', '5ec83a56f0a9c.png', 'https://backoffice.efiposdelivery.com/menu/postres', '5ec83a56f1122.jpeg', 1),
(9, 1, 'FHFG', '61f96035bc17e.png', 'https://backoffice.efiposdelivery.com/menu/patatas', '61f96035c1a60.jpeg', 0),
(13, 0, 'ENVIO', '65b77c3eac147.png', 'http://localhost:8000/menu/envio', NULL, 1);

-- --------------------------------------------------------

--
-- Estructura de tabla para la tabla `menu_single`
--

CREATE TABLE `menu_single` (
  `id` int(11) NOT NULL,
  `tipo` varchar(50) NOT NULL,
  `titulo_comida` varchar(250) NOT NULL,
  `precio` varchar(20) NOT NULL,
  `ingredientes` longtext NOT NULL
) ENGINE=InnoDB DEFAULT CHARSET=utf8mb4;

-- --------------------------------------------------------

--
-- Estructura de tabla para la tabla `migrations`
--

CREATE TABLE `migrations` (
  `id` int(10) UNSIGNED NOT NULL,
  `migration` varchar(255) COLLATE utf8mb4_unicode_ci NOT NULL,
  `batch` int(11) NOT NULL
) ENGINE=InnoDB DEFAULT CHARSET=utf8mb4 COLLATE=utf8mb4_unicode_ci;

--
-- Volcado de datos para la tabla `migrations`
--

INSERT INTO `migrations` (`id`, `migration`, `batch`) VALUES
(3, '2023_10_31_073916_add_categoria_id_to_alimento_table', 1),
(4, '2023_10_30_091159_create_initial_structure', 1),
(5, '2023_10_31_073916_add_categoria_id_to_alimento_table', 1),
(6, '2023_11_11_125032_add_hosteltactilconfig_to_config_general_table', 1),
(7, '2023_11_11_132617_add_description_hosteltactil_to_alimento_table', 1),
(8, '2023_11_14_073431_add_activo_to_alimento_table', 1),
(9, '2023_12_14_105139_add_gastos_de_envio_to_config_general_table', 2),
(10, '2023_12_14_105229_add_telefono_to_pedidos_table', 2),
(12, '2023_12_18_155925_add_uuid_to_carrito_table', 3),
(13, '2023_12_20_100757_add_tipo_envio_to_carrito_table', 4),
(14, '2023_12_21_121148_create_pedidos_index_table', 5),
(15, '2023_12_22_100611_drop_pedidos_index_table', 6),
(16, '2023_12_22_111154_add_fields_to_pedidos_table', 7),
(17, '2023_12_22_111856_add_fields2_to_pedidos_table', 8),
(18, '2024_01_10_143908_add_carta_to_config_general__table', 9),
(19, '2024_01_17_110012_change_gastos_de_envio_to_config_table', 10),
(20, '2024_01_17_110013_change_gastos_de_envio_to_config_table', 11),
(21, '2024_04_23_152906_add_activo_hostelactil_to_menucomida', 12),
(22, '2024_04_23_215013_change_stripe_column_in_configuration_table', 12);

-- --------------------------------------------------------

--
-- Estructura de tabla para la tabla `navegacion`
--

CREATE TABLE `navegacion` (
  `id` int(11) NOT NULL,
  `titulo` varchar(150) NOT NULL,
  `icono` varchar(50) NOT NULL,
  `enlace` varchar(250) NOT NULL
) ENGINE=InnoDB DEFAULT CHARSET=utf8mb4;

--
-- Volcado de datos para la tabla `navegacion`
--

INSERT INTO `navegacion` (`id`, `titulo`, `icono`, `enlace`) VALUES
(3, 'CONTACTO', 'thin-icon-phone-support', 'http://www.tiendaefipos.es/public/contacto');

-- --------------------------------------------------------

--
-- Estructura de tabla para la tabla `ofertas`
--

CREATE TABLE `ofertas` (
  `id` int(11) NOT NULL,
  `portada` varchar(250) NOT NULL,
  `titulo` varchar(250) NOT NULL,
  `subtitulo` varchar(300) NOT NULL,
  `precio` varchar(20) NOT NULL
) ENGINE=InnoDB DEFAULT CHARSET=utf8mb4;

-- --------------------------------------------------------

--
-- Estructura de tabla para la tabla `password_resets`
--

CREATE TABLE `password_resets` (
  `email` varchar(255) COLLATE utf8mb4_unicode_ci NOT NULL,
  `token` varchar(255) COLLATE utf8mb4_unicode_ci NOT NULL,
  `created_at` timestamp NULL DEFAULT NULL
) ENGINE=InnoDB DEFAULT CHARSET=utf8mb4 COLLATE=utf8mb4_unicode_ci;

-- --------------------------------------------------------

--
-- Estructura de tabla para la tabla `pedidos`
--

CREATE TABLE `pedidos` (
  `id` int(11) NOT NULL,
  `iduser` int(10) UNSIGNED DEFAULT NULL,
  `fecha` varchar(250) NOT NULL,
  `direccion` longtext NOT NULL,
  `total_pagado` decimal(7,2) NOT NULL,
  `estado` varchar(50) NOT NULL,
  `mes` varchar(20) NOT NULL,
  `year` varchar(5) NOT NULL,
  `tiempo_estimado` varchar(250) NOT NULL,
  `telefono` varchar(255) DEFAULT NULL,
  `uuid` varchar(255) DEFAULT NULL,
  `name` varchar(255) DEFAULT NULL,
  `email` varchar(255) DEFAULT NULL
) ENGINE=InnoDB DEFAULT CHARSET=utf8mb4;

--
-- Volcado de datos para la tabla `pedidos`
--

INSERT INTO `pedidos` (`id`, `iduser`, `fecha`, `direccion`, `total_pagado`, `estado`, `mes`, `year`, `tiempo_estimado`, `telefono`, `uuid`, `name`, `email`) VALUES
(5151, 5930, '2024-08-13 09:16:36', 'RECOGIDA', '16.00', 'En espera', '8', '2024', 'Calculando', '666554433', 'cedb51c6-09e5-43df-8eb3-96b7a1f8411a', 'Pepito', 'sat2@efipos.com'),
(5152, 5930, '2024-08-13 09:16:36', 'RECOGIDA', '26.00', 'En espera', '8', '2024', 'Calculando', '666554433', 'cedb51c6-09e5-43df-8eb3-96b7a1f8411a', 'Pepito', 'sat2@efipos.com'),
(5153, 5930, '2024-08-13 09:16:36', 'RECOGIDA', '26.00', 'En espera', '8', '2024', 'Calculando', '666554433', 'cedb51c6-09e5-43df-8eb3-96b7a1f8411a', 'Pepito', 'sat2@efipos.com'),
(5154, 5933, '2024-08-13 10:20:33', 'RECOGIDA', '18.00', 'En espera', '8', '2024', 'Calculando', '666554433', 'bd00cf2f-6616-4b4c-933b-bdc5bdabb4ac', 'Pepito', 'sat2@efipos.com'),
(5155, 5933, '2024-08-13 10:20:33', 'RECOGIDA', '18.00', 'En espera', '8', '2024', 'Calculando', '666554433', 'bd00cf2f-6616-4b4c-933b-bdc5bdabb4ac', 'Pepito', 'sat2@efipos.com'),
(5156, 5933, '2024-08-13 10:20:33', 'RECOGIDA', '18.00', 'En espera', '8', '2024', 'Calculando', '666554433', 'bd00cf2f-6616-4b4c-933b-bdc5bdabb4ac', 'Pepito', 'sat2@efipos.com'),
(5157, 5933, '2024-08-13 10:20:33', 'RECOGIDA', '18.00', 'En espera', '8', '2024', 'Calculando', '666554433', 'bd00cf2f-6616-4b4c-933b-bdc5bdabb4ac', 'Pepito', 'sat2@efipos.com'),
(5158, 5935, '2024-08-13 11:18:40', 'RECOGIDA', '10.00', 'En espera', '8', '2024', 'Calculando', '666554433', 'bd00cf2f-6616-4b4c-933b-bdc5bdabb4ac', 'Pepito', 'sat2@efipos.com'),
(5159, 5936, '2024-08-13 11:34:47', 'RECOGIDA', '18.50', 'En espera', '8', '2024', 'Calculando', '666554433', 'bd00cf2f-6616-4b4c-933b-bdc5bdabb4ac', 'Pepito', 'sat2@efipos.com'),
(5160, 5938, '2024-08-13 11:36:36', 'Algeciras (Cadiz), en C/ Bailen, Bloque, 1 – 2º E', '17.50', 'En espera', '8', '2024', 'Calculando', '666554433', 'bd00cf2f-6616-4b4c-933b-bdc5bdabb4ac', 'Eva Longoria', 'sat2@efipos.com'),
(5161, 5939, '2024-08-13 11:48:27', 'RECOGIDA', '8.00', 'En espera', '8', '2024', 'Calculando', '666554433', 'bd00cf2f-6616-4b4c-933b-bdc5bdabb4ac', 'Pepito', 'sat2@efipos.com'),
(5162, 5940, '2024-08-13 11:50:08', 'RECOGIDA', '10.00', 'En espera', '8', '2024', 'Calculando', '634808235', 'bd00cf2f-6616-4b4c-933b-bdc5bdabb4ac', 'David Efipos', 'info@efipos.com'),
(5163, 5941, '2024-08-13 11:51:09', 'Algeciras (Cadiz), en C/ Bailen, Bloque, 1 – 2º E', '10.50', 'En espera', '8', '2024', 'Calculando', '634808235', 'bd00cf2f-6616-4b4c-933b-bdc5bdabb4ac', 'David Efipos', 'info@efipos.com'),
(5164, 5942, '2024-08-13 12:17:36', 'RECOGIDA', '10.00', 'En espera', '8', '2024', 'Calculando', '666554433', 'bd00cf2f-6616-4b4c-933b-bdc5bdabb4ac', 'Pepito', 'sat2@efipos.com'),
(5165, 5945, '2024-08-16 10:14:56', 'RECOGIDA', '20.00', 'En espera', '8', '2024', 'Calculando', '666554433', '30be01f5-959b-48c2-89ae-0bd43f4b1f1a', 'Pepito', 'sat2@efipos.com'),
(5166, 5945, '2024-08-16 10:14:56', 'RECOGIDA', '20.00', 'En espera', '8', '2024', 'Calculando', '666554433', '30be01f5-959b-48c2-89ae-0bd43f4b1f1a', 'Pepito', 'sat2@efipos.com'),
(5167, 5945, '2024-08-16 10:14:56', 'RECOGIDA', '20.00', 'En espera', '8', '2024', 'Calculando', '666554433', '30be01f5-959b-48c2-89ae-0bd43f4b1f1a', 'Pepito', 'sat2@efipos.com'),
(5168, 5954, '2024-08-16 12:25:30', 'Calle Golondrinas, 123', '19.50', 'En espera', '8', '2024', 'Calculando', '666554433', '30be01f5-959b-48c2-89ae-0bd43f4b1f1a', 'Pepito Pérez', 'sat2@efipos.com'),
(5169, 5956, '2024-08-19 09:39:08', 'Avenida de las Golondrinas', '14.69', 'En espera', '8', '2024', 'Calculando', '666554433', 'a3956dc3-548e-4eb7-b17d-6711c64285cb', 'Pepito', 'sat2@efipos.com'),
(5170, 5956, '2024-08-19 09:39:08', 'Avenida de las Golondrinas', '14.73', 'En espera', '8', '2024', 'Calculando', '666554433', 'a3956dc3-548e-4eb7-b17d-6711c64285cb', 'Pepito', 'sat2@efipos.com'),
(5171, 5958, '2024-08-19 10:36:54', 'Avenida de las Golondrinas', '13.20', 'En espera', '8', '2024', 'Calculando', '666554433', 'a3956dc3-548e-4eb7-b17d-6711c64285cb', 'Pepito', 'sat2@efipos.com'),
(5172, 5960, '2024-08-19 10:40:51', 'RECOGIDA', '10.00', 'En espera', '8', '2024', 'Calculando', '666554433', 'a3956dc3-548e-4eb7-b17d-6711c64285cb', 'Pepito', 'sat2@efipos.com'),
(5173, 5961, '2024-08-19 10:52:46', 'RECOGIDA', '10.00', 'En espera', '8', '2024', 'Calculando', '666554433', 'a3956dc3-548e-4eb7-b17d-6711c64285cb', 'Pepito', 'sat2@efipos.com'),
(5174, 5962, '2024-08-19 11:04:08', 'Avenida de las Golondrinas', '10.00', 'En espera', '8', '2024', 'Calculando', '666554433', 'a3956dc3-548e-4eb7-b17d-6711c64285cb', 'Pepito', 'sat2@efipos.com'),
(5175, 5963, '2024-08-19 11:19:36', 'RECOGIDA', '20.00', 'En espera', '8', '2024', 'Calculando', '666554433', 'a3956dc3-548e-4eb7-b17d-6711c64285cb', 'Pepito', 'sat2@efipos.com'),
(5176, 5964, '2024-08-19 11:33:51', 'RECOGIDA', '10.00', 'En espera', '8', '2024', 'Calculando', '666554433', 'a3956dc3-548e-4eb7-b17d-6711c64285cb', 'Pepito', 'sat2@efipos.com'),
(5177, 5965, '2024-08-19 11:35:44', 'RECOGIDA', '10.00', 'En espera', '8', '2024', 'Calculando', '666554433', 'a3956dc3-548e-4eb7-b17d-6711c64285cb', 'Pepito', 'sat2@efipos.com'),
(5178, 5972, '2024-08-21 09:17:16', 'RECOGIDA', '5.00', 'En espera', '8', '2024', 'Calculando', '666554433', 'b216f3d2-3d58-4226-b56b-d518fdf91bc4', 'Pepito', 'sat2@efipos.com'),
(5179, 5973, '2024-08-21 09:49:21', 'RECOGIDA', '5.00', 'En espera', '8', '2024', 'Calculando', '666554433', 'b216f3d2-3d58-4226-b56b-d518fdf91bc4', 'Pepito', 'sat2@efipos.com');

-- --------------------------------------------------------

--
-- Estructura de tabla para la tabla `pedido_detalle`
--

CREATE TABLE `pedido_detalle` (
  `id` int(11) NOT NULL,
  `idpedido` int(11) NOT NULL,
  `producto` varchar(250) NOT NULL,
  `precio` decimal(7,2) NOT NULL
) ENGINE=InnoDB DEFAULT CHARSET=utf8mb4;

--
-- Volcado de datos para la tabla `pedido_detalle`
--

INSERT INTO `pedido_detalle` (`id`, `idpedido`, `producto`, `precio`) VALUES
(1, 1, 'PIZZA CARBONARA', '10.00'),
(2, 2, 'HAMBURGUESA AL GUSTO', '11.00'),
(3, 2, 'MINI BURGER', '5.00'),
(4, 3, 'HAMBURGUESA AL GUSTO', '11.00'),
(5, 3, 'MINI BURGER', '5.00'),
(6, 4, 'HAMBURGUESA AL GUSTO', '11.00'),
(7, 4, 'MINI BURGER', '5.00'),
(8, 5, 'HAMBURGUESA AL GUSTO', '11.00'),
(9, 5, 'MINI BURGER', '5.00'),
(10, 6, 'HAMBURGUESA AL GUSTO', '11.00'),
(11, 6, 'MINI BURGER', '5.00'),
(12, 7, 'HAMBURGUESA AL GUSTO', '11.00'),
(13, 7, 'MINI BURGER', '5.00'),
(14, 8, 'HAMBURGUESA AL GUSTO', '11.00'),
(15, 8, 'MINI BURGER', '5.00'),
(16, 9, 'HAMBURGUESA AL GUSTO', '11.00'),
(17, 9, 'MINI BURGER', '5.00'),
(18, 10, 'MEXICAN BURGER', '10.00'),
(19, 10, 'HAMBURGUESA AL GUSTO', '11.00'),
(20, 11, 'MEXICAN BURGER', '10.00'),
(21, 11, 'HAMBURGUESA AL GUSTO', '11.00'),
(22, 114, 'MEXICAN BURGER', '10.00'),
(23, 114, 'HAMBURGUESA AL GUSTO', '11.00'),
(24, 1145, 'MEXICAN BURGER', '10.00'),
(25, 1145, 'HAMBURGUESA AL GUSTO', '11.00'),
(26, 5146, 'MEXICAN BURGER', '10.00'),
(27, 5146, 'HAMBURGUESA AL GUSTO', '11.00'),
(28, 5147, 'HAMBURGUESA AL GUSTO', '11.00'),
(29, 5147, 'MINI BURGER', '5.00'),
(30, 5148, 'HAMBURGUESA AL GUSTO', '11.00'),
(31, 5148, 'DOUBLE CHEESEBURGER', '8.50'),
(32, 5149, 'HAMBURGUESA AL GUSTO', '11.00'),
(33, 5149, 'CHEESEBURGER', '6.50'),
(34, 5150, 'HAMBURGUESA AL GUSTO', '11.00'),
(35, 5150, 'CHEESEBURGER', '6.50'),
(36, 5151, 'HAMBURGUESA AL GUSTO', '11.00'),
(37, 5151, 'MINI BURGER', '5.00'),
(38, 5152, 'HAMBURGUESA AL GUSTO', '11.00'),
(39, 5152, 'MINI BURGER', '5.00'),
(40, 5152, 'MENÚ BURGUER', '10.00'),
(41, 5153, 'HAMBURGUESA AL GUSTO', '11.00'),
(42, 5153, 'MINI BURGER', '5.00'),
(43, 5153, 'MENÚ BURGUER', '10.00'),
(44, 5154, 'MENÚ BURGUER', '10.00'),
(45, 5154, 'PIZZA PEPPERONI', '8.00'),
(46, 5155, 'MENÚ BURGUER', '10.00'),
(47, 5155, 'PIZZA PEPPERONI', '8.00'),
(48, 5156, 'MENÚ BURGUER', '10.00'),
(49, 5156, 'PIZZA PEPPERONI', '8.00'),
(50, 5157, 'MENÚ BURGUER', '10.00'),
(51, 5157, 'PIZZA PEPPERONI', '8.00'),
(52, 5158, 'MENÚ BURGUER', '10.00'),
(53, 5159, 'MENÚ BURGUER', '10.00'),
(54, 5159, 'DOUBLE CHEESEBURGER', '8.50'),
(55, 5160, 'PIZZA SICILIANA', '15.00'),
(56, 5160, 'ENVIO', '2.50'),
(57, 5161, 'PIZZA PEPPERONI', '8.00'),
(58, 5162, 'MENÚ BURGUER', '10.00'),
(59, 5163, 'PIZZA PEPPERONI', '8.00'),
(60, 5163, 'ENVIO', '2.50'),
(61, 5164, 'MENÚ BURGUER', '10.00'),
(62, 5165, 'PIZZA CARBONARA', '10.00'),
(63, 5166, 'PIZZA CARBONARA', '10.00'),
(64, 5167, 'PIZZA CARBONARA', '10.00'),
(65, 5168, 'DOUBLE CHEESEBURGER', '8.50'),
(66, 5168, 'ENVIO', '2.50'),
(67, 5169, 'MEXICAN BURGER', '10.00'),
(68, 5169, 'MINI BURGER', '5.00'),
(69, 5169, 'ENVIO', '2.50'),
(70, 5170, 'MEXICAN BURGER', '10.00'),
(71, 5170, 'MINI BURGER', '5.00'),
(72, 5170, 'ENVIO', '2.50'),
(73, 5171, 'MEXICAN BURGER', '10.00'),
(74, 5171, 'MINI BURGER', '5.00'),
(75, 5171, 'ENVIO', '2.50'),
(76, 5172, 'MEXICAN BURGER', '10.00'),
(77, 5173, 'MEXICAN BURGER', '10.00'),
(78, 5174, 'MEXICAN BURGER', '10.00'),
(79, 5175, 'MEXICAN BURGER', '10.00'),
(80, 5176, 'MINI BURGER', '5.00'),
(81, 5177, 'MEXICAN BURGER', '10.00'),
(82, 5178, 'MINI BURGER', '5.00'),
(83, 5179, 'MINI BURGER', '5.00');

-- --------------------------------------------------------

--
-- Estructura de tabla para la tabla `seccion_tres`
--

CREATE TABLE `seccion_tres` (
  `id` int(11) NOT NULL,
  `icono` varchar(50) NOT NULL,
  `titulo` varchar(50) NOT NULL,
  `descripcion` longtext NOT NULL,
  `estado` tinyint(1) NOT NULL
) ENGINE=InnoDB DEFAULT CHARSET=utf8mb4;

--
-- Volcado de datos para la tabla `seccion_tres`
--

INSERT INTO `seccion_tres` (`id`, `icono`, `titulo`, `descripcion`, `estado`) VALUES
(1, 'thin-icon-time', 'ENTREGA RÁPIDA', 'En 30 minutos tienes tu pedido calentito y en casa.', 1),
(2, 'thin-icon-book', 'CARTA AMPLIA', 'Para todos los gustos y sabores. Consulta nuestros alérgenos.', 1),
(3, 'thin-icon-love', 'HECHO CON AMOR', 'Como lo hacía tu abuela en casa, riquísimo.', 1),
(4, 'thin-icon-lightbulb', 'PARA TÍ', '¿Alguna sugerencia? Pregunta a nuestros chefs.', 1);

-- --------------------------------------------------------

--
-- Estructura de tabla para la tabla `seccion_uno`
--

CREATE TABLE `seccion_uno` (
  `id` int(11) NOT NULL,
  `titulo` varchar(50) NOT NULL,
  `subtitulo` varchar(50) NOT NULL,
  `portada` varchar(250) NOT NULL,
  `estado` tinyint(1) NOT NULL
) ENGINE=InnoDB DEFAULT CHARSET=utf8mb4;

--
-- Volcado de datos para la tabla `seccion_uno`
--

INSERT INTO `seccion_uno` (`id`, `titulo`, `subtitulo`, `portada`, `estado`) VALUES
(1, 'Ingredientes Frescos', 'en todos nuestros productos', '61f26543b805e.png', 1),
(2, 'Pedidos Online', 'Disponible de 9 AM - 11 PM', '61f2662e69761.png', 1),
(3, 'Prueba Nuestros PopSweet', 'Todos los viernes solo 1€', '61f265dc3b6c1.png', 1);

-- --------------------------------------------------------

--
-- Estructura de tabla para la tabla `slider`
--

CREATE TABLE `slider` (
  `id` int(11) NOT NULL,
  `portada` varchar(150) NOT NULL,
  `titulo` varchar(150) NOT NULL,
  `subtitulo` varchar(150) NOT NULL,
  `estado` varchar(100) NOT NULL
) ENGINE=InnoDB DEFAULT CHARSET=utf8mb4;

--
-- Volcado de datos para la tabla `slider`
--

INSERT INTO `slider` (`id`, `portada`, `titulo`, `subtitulo`, `estado`) VALUES
(1, '5ecdbe18892d1.jpeg', 'AHORA DOBLE', 'LA TREMENDA', 'CON QUESO'),
(2, '61f3bd831767c.jpeg', 'DESDE MÉXICO', 'LA CAPITAL', 'MUY PICANTE'),
(3, '5ecdbfa781232.jpeg', 'NUEVA PIZZA', 'LA CAPITÁN NEMO', 'RECIÉN SACADA DEL MAR');

-- --------------------------------------------------------

--
-- Estructura de tabla para la tabla `subproductos`
--

CREATE TABLE `subproductos` (
  `id` int(11) NOT NULL,
  `activo_hosteltactil` tinyint(1) NOT NULL DEFAULT 1,
  `nombre` varchar(200) CHARACTER SET utf8 COLLATE utf8_spanish2_ci NOT NULL,
  `precio` float NOT NULL,
  `estado` varchar(200) CHARACTER SET utf8 COLLATE utf8_spanish2_ci NOT NULL,
  `img_path` varchar(255) DEFAULT NULL
) ENGINE=InnoDB DEFAULT CHARSET=utf8;

--
-- Volcado de datos para la tabla `subproductos`
--

INSERT INTO `subproductos` (`id`, `activo_hosteltactil`, `nombre`, `precio`, `estado`, `img_path`) VALUES
(5, 1, 'FANTA LIMON', 0, 'Baja', NULL),
(6, 1, 'NESTEA', 0, 'Baja', NULL),
(7, 1, 'ACUARIO LIMON', 0, 'Baja', NULL),
(8, 1, 'ACUARIO NARANJA', 0, 'Baja', NULL),
(25, 0, 'Test', 1, 'Baja', '6477378696db3.png'),
(26, 0, 'Test2', 1, 'Baja', '6477379bd7669.png'),
(27, 0, 'TOMATE', 0, 'Baja', ''),
(39, 0, 'Pimiento', 0.3, 'Baja', ''),
(40, 0, 'Aguacate', 0.4, 'Baja', ''),
(41, 0, 'Mostaza', 0.2, 'Baja', ''),
(44, 0, 'QUESO', 0, 'Baja', ''),
(45, 0, 'TOMATE', 0, 'Baja', ''),
(46, 0, 'MAYONESA', 0, 'Baja', ''),
(1000001, 1, 'HAMBURGUESA AL GUSTO', 0, 'Baja', NULL),
(1000002, 1, 'MEXICAN BURGER', 0, 'Baja', NULL),
(1000003, 1, 'MINI BURGER', 0, 'Baja', NULL),
(1000004, 1, 'CHICKEN BURGER', 0, 'Baja', NULL),
(1000005, 1, 'DOUBLE CHEES BURGER', 0, 'Baja', NULL),
(1000017, 1, 'COCA COLA', 0, 'Baja', NULL),
(1000021, 1, 'COCA COLA ZERO', 0, 'Baja', NULL),
(1000022, 1, 'FANTA NARANJA', 0, 'Baja', NULL),
(1000026, 1, 'NESTEA MARACUYA', 0, 'Baja', NULL),
(1000032, 1, 'CHEES BURGUER', 0, 'Baja', NULL),
(97394305, 1, 'LECHUGA', 0, 'Baja', NULL),
(566491009, 1, 'KETCHUP', 0, 'Baja', NULL),
(599882497, 1, 'PATATAS CLASICAS', 0, 'Baja', NULL),
(621830657, 1, 'CEBOLLA', 0, 'Baja', NULL),
(640305409, 1, 'MAYONESA', 0, 'Baja', NULL),
(648428417, 1, 'JALAPEÑOS', 0, 'Baja', NULL),
(889128449, 1, 'QUESO', 0, 'Baja', NULL),
(1145519361, 1, 'ATUN', 0, 'Baja', NULL),
(1244506753, 1, 'PIMIENTO', 0, 'Baja', NULL),
(1272294401, 1, 'NESTEA DE CEREZA', 3, 'Baja', NULL),
(1337230977, 1, 'SALSA BBQ', 0, 'Baja', NULL),
(1391185409, 1, 'SALSA ESPECIAL', 0, 'Baja', NULL),
(1515151745, 1, 'SMASH BURGUER ', 0, 'Baja', NULL),
(1633641473, 1, 'TOMATE', 0, 'Baja', NULL),
(1663741697, 1, 'QUESO EXTRA', 0, 'Baja', NULL),
(1663741698, 0, 'a', 20, 'Baja', ''),
(1781985409, 1, 'PATATAS DELUXE', 0, 'Baja', NULL);

-- --------------------------------------------------------

--
-- Estructura de tabla para la tabla `subproducto_combinado`
--

CREATE TABLE `subproducto_combinado` (
  `padre_producto_id` bigint(20) UNSIGNED NOT NULL,
  `menuseccion_id` varchar(200) COLLATE utf8mb4_unicode_ci NOT NULL,
  `subproducto_id` bigint(20) UNSIGNED NOT NULL,
  `created_at` timestamp NULL DEFAULT NULL,
  `updated_at` timestamp NULL DEFAULT NULL
) ENGINE=InnoDB DEFAULT CHARSET=utf8mb4 COLLATE=utf8mb4_unicode_ci;

--
-- Volcado de datos para la tabla `subproducto_combinado`
--

INSERT INTO `subproducto_combinado` (`padre_producto_id`, `menuseccion_id`, `subproducto_id`, `created_at`, `updated_at`) VALUES
(1000001, 'INGRED. HAMBURG', 97394305, NULL, NULL),
(1000001, 'INGRED. HAMBURG', 889128449, NULL, NULL),
(1000001, 'INGRED. HAMBURG', 1633641473, NULL, NULL),
(599882497, 'ELIGE TU SALSA', 566491009, NULL, NULL),
(599882497, 'ELIGE TU SALSA', 640305409, NULL, NULL),
(599882497, 'ELIGE TU SALSA', 1337230977, NULL, NULL),
(599882497, 'ELIGE TU SALSA', 1391185409, NULL, NULL),
(1781985409, 'ELIGE TU SALSA', 566491009, NULL, NULL),
(1781985409, 'ELIGE TU SALSA', 640305409, NULL, NULL),
(1781985409, 'ELIGE TU SALSA', 1337230977, NULL, NULL),
(1781985409, 'ELIGE TU SALSA', 1391185409, NULL, NULL);

-- --------------------------------------------------------

--
-- Estructura de tabla para la tabla `type_orders`
--

CREATE TABLE `type_orders` (
  `id` bigint(20) UNSIGNED NOT NULL,
  `name` varchar(20) COLLATE utf8mb4_unicode_ci NOT NULL,
  `image` varchar(255) COLLATE utf8mb4_unicode_ci NOT NULL,
  `created_at` timestamp NULL DEFAULT NULL,
  `updated_at` timestamp NULL DEFAULT NULL
) ENGINE=InnoDB DEFAULT CHARSET=utf8mb4 COLLATE=utf8mb4_unicode_ci;

--
-- Volcado de datos para la tabla `type_orders`
--

INSERT INTO `type_orders` (`id`, `name`, `image`, `created_at`, `updated_at`) VALUES
(1, 'Stripe', 'img/type-orders/repartidor.png', '2022-01-20 16:44:57', '2022-01-20 16:44:57'),
(2, 'Recogida', 'img/type-orders/restaurante.png', '2022-01-20 16:44:57', '2022-01-20 16:44:57');

-- --------------------------------------------------------

--
-- Estructura de tabla para la tabla `users`
--

CREATE TABLE `users` (
  `id` bigint(20) UNSIGNED NOT NULL,
  `name` varchar(255) COLLATE utf8mb4_unicode_ci NOT NULL,
  `email` varchar(255) COLLATE utf8mb4_unicode_ci NOT NULL,
  `email_verified_at` timestamp NULL DEFAULT NULL,
  `password` varchar(255) COLLATE utf8mb4_unicode_ci NOT NULL,
  `role` varchar(255) COLLATE utf8mb4_unicode_ci NOT NULL,
  `direccion` varchar(120) CHARACTER SET utf8mb4 COLLATE utf8mb4_spanish2_ci DEFAULT NULL,
  `telefono` varchar(24) CHARACTER SET utf8mb4 COLLATE utf8mb4_spanish2_ci DEFAULT NULL,
  `perfil` varchar(255) COLLATE utf8mb4_unicode_ci NOT NULL,
  `remember_token` varchar(100) COLLATE utf8mb4_unicode_ci DEFAULT NULL,
  `created_at` timestamp NULL DEFAULT NULL,
  `updated_at` timestamp NULL DEFAULT NULL
) ENGINE=InnoDB DEFAULT CHARSET=utf8mb4 COLLATE=utf8mb4_unicode_ci;

--
-- Volcado de datos para la tabla `users`
--

INSERT INTO `users` (`id`, `name`, `email`, `email_verified_at`, `password`, `role`, `direccion`, `telefono`, `perfil`, `remember_token`, `created_at`, `updated_at`) VALUES
(10, 'Administrador', 'efiposdelivery@gmail.com', '2021-11-22 17:34:24', '$2y$10$6GgstlV/9FTzFrcwJ.Vc6OuQas91DLPvIWGhVrKgiOfbzvqLCQOv6', 'ADMIN', NULL, NULL, 'perfil.png', NULL, NULL, NULL),
(12, 'Juan', 'Juan.sastre@gmail.com', NULL, '$2y$10$X1YR9ViV15/EQ76g43VQa.y/DAQG41fktBN/exrIBtTD.dSiwXsga', 'USER', 'Avd. Andalucia, 2 4ºC', '677673740', 'perfil.png', NULL, NULL, NULL),
(16, 'Ismael Ríos González', 'ismaelrios@gmail.com', NULL, '$2y$10$9FmMMe6gTsW8kS3dF9dxFuxnvd2U1bDPpHTXY4bCz5hvceKYZyquy', 'ADMIN', 'C/ Paco de Lucía Nº12', '601 11 11 11', 'perfil.png', NULL, NULL, NULL);

--
-- Índices para tablas volcadas
--

--
-- Indices de la tabla `alergeno`
--
ALTER TABLE `alergeno`
  ADD PRIMARY KEY (`id`);

--
-- Indices de la tabla `alimento`
--
ALTER TABLE `alimento`
  ADD PRIMARY KEY (`id`);

--
-- Indices de la tabla `alimento_alergeno`
--
ALTER TABLE `alimento_alergeno`
  ADD PRIMARY KEY (`alimento_id`,`alergeno_id`),
  ADD KEY `alergeno_id` (`alergeno_id`);

--
-- Indices de la tabla `alimento_combinado`
--
ALTER TABLE `alimento_combinado`
  ADD PRIMARY KEY (`alimento_id`,`combinado_id`);

--
-- Indices de la tabla `carrito`
--
ALTER TABLE `carrito`
  ADD PRIMARY KEY (`id`);

--
-- Indices de la tabla `carrito_cupon`
--
ALTER TABLE `carrito_cupon`
  ADD PRIMARY KEY (`id`);

--
-- Indices de la tabla `carrito_subproductos`
--
ALTER TABLE `carrito_subproductos`
  ADD PRIMARY KEY (`id`);

--
-- Indices de la tabla `combinado`
--
ALTER TABLE `combinado`
  ADD PRIMARY KEY (`id`);

--
-- Indices de la tabla `config_general`
--
ALTER TABLE `config_general`
  ADD PRIMARY KEY (`id`);

--
-- Indices de la tabla `contacto`
--
ALTER TABLE `contacto`
  ADD PRIMARY KEY (`id`);

--
-- Indices de la tabla `cupon`
--
ALTER TABLE `cupon`
  ADD PRIMARY KEY (`id`),
  ADD UNIQUE KEY `codigo` (`codigo`);

--
-- Indices de la tabla `faq`
--
ALTER TABLE `faq`
  ADD PRIMARY KEY (`id`);

--
-- Indices de la tabla `galeria`
--
ALTER TABLE `galeria`
  ADD PRIMARY KEY (`id`);

--
-- Indices de la tabla `horario`
--
ALTER TABLE `horario`
  ADD PRIMARY KEY (`id`);

--
-- Indices de la tabla `inicio`
--
ALTER TABLE `inicio`
  ADD PRIMARY KEY (`id`);

--
-- Indices de la tabla `locales`
--
ALTER TABLE `locales`
  ADD PRIMARY KEY (`id`);

--
-- Indices de la tabla `menu_comida`
--
ALTER TABLE `menu_comida`
  ADD PRIMARY KEY (`id`);

--
-- Indices de la tabla `menu_single`
--
ALTER TABLE `menu_single`
  ADD PRIMARY KEY (`id`);

--
-- Indices de la tabla `migrations`
--
ALTER TABLE `migrations`
  ADD PRIMARY KEY (`id`);

--
-- Indices de la tabla `navegacion`
--
ALTER TABLE `navegacion`
  ADD PRIMARY KEY (`id`);

--
-- Indices de la tabla `ofertas`
--
ALTER TABLE `ofertas`
  ADD PRIMARY KEY (`id`);

--
-- Indices de la tabla `pedidos`
--
ALTER TABLE `pedidos`
  ADD PRIMARY KEY (`id`);

--
-- Indices de la tabla `pedido_detalle`
--
ALTER TABLE `pedido_detalle`
  ADD PRIMARY KEY (`id`);

--
-- Indices de la tabla `seccion_tres`
--
ALTER TABLE `seccion_tres`
  ADD PRIMARY KEY (`id`);

--
-- Indices de la tabla `seccion_uno`
--
ALTER TABLE `seccion_uno`
  ADD PRIMARY KEY (`id`);

--
-- Indices de la tabla `slider`
--
ALTER TABLE `slider`
  ADD PRIMARY KEY (`id`);

--
-- Indices de la tabla `subproductos`
--
ALTER TABLE `subproductos`
  ADD PRIMARY KEY (`id`);

--
-- Indices de la tabla `subproducto_combinado`
--
ALTER TABLE `subproducto_combinado`
  ADD PRIMARY KEY (`padre_producto_id`,`menuseccion_id`,`subproducto_id`);

--
-- Indices de la tabla `type_orders`
--
ALTER TABLE `type_orders`
  ADD PRIMARY KEY (`id`);

--
-- Indices de la tabla `users`
--
ALTER TABLE `users`
  ADD PRIMARY KEY (`id`);

--
-- AUTO_INCREMENT de las tablas volcadas
--

--
-- AUTO_INCREMENT de la tabla `alergeno`
--
ALTER TABLE `alergeno`
  MODIFY `id` int(11) NOT NULL AUTO_INCREMENT, AUTO_INCREMENT=15;

--
-- AUTO_INCREMENT de la tabla `alimento`
--
ALTER TABLE `alimento`
  MODIFY `id` int(11) NOT NULL AUTO_INCREMENT, AUTO_INCREMENT=2065778690;

--
-- AUTO_INCREMENT de la tabla `carrito`
--
ALTER TABLE `carrito`
  MODIFY `id` int(11) NOT NULL AUTO_INCREMENT, AUTO_INCREMENT=5974;

--
-- AUTO_INCREMENT de la tabla `carrito_cupon`
--
ALTER TABLE `carrito_cupon`
  MODIFY `id` int(10) UNSIGNED NOT NULL AUTO_INCREMENT, AUTO_INCREMENT=105;

--
-- AUTO_INCREMENT de la tabla `carrito_subproductos`
--
ALTER TABLE `carrito_subproductos`
  MODIFY `id` bigint(20) UNSIGNED NOT NULL AUTO_INCREMENT, AUTO_INCREMENT=75;

--
-- AUTO_INCREMENT de la tabla `combinado`
--
ALTER TABLE `combinado`
  MODIFY `id` int(11) NOT NULL AUTO_INCREMENT, AUTO_INCREMENT=9;

--
-- AUTO_INCREMENT de la tabla `cupon`
--
ALTER TABLE `cupon`
  MODIFY `id` int(11) NOT NULL AUTO_INCREMENT, AUTO_INCREMENT=18;

--
-- AUTO_INCREMENT de la tabla `galeria`
--
ALTER TABLE `galeria`
  MODIFY `id` int(11) NOT NULL AUTO_INCREMENT, AUTO_INCREMENT=12;

--
-- AUTO_INCREMENT de la tabla `horario`
--
ALTER TABLE `horario`
  MODIFY `id` int(11) NOT NULL AUTO_INCREMENT, AUTO_INCREMENT=10;

--
-- AUTO_INCREMENT de la tabla `inicio`
--
ALTER TABLE `inicio`
  MODIFY `id` int(11) NOT NULL AUTO_INCREMENT, AUTO_INCREMENT=2;

--
-- AUTO_INCREMENT de la tabla `menu_comida`
--
ALTER TABLE `menu_comida`
  MODIFY `id` int(11) NOT NULL AUTO_INCREMENT, AUTO_INCREMENT=16;

--
-- AUTO_INCREMENT de la tabla `migrations`
--
ALTER TABLE `migrations`
  MODIFY `id` int(10) UNSIGNED NOT NULL AUTO_INCREMENT, AUTO_INCREMENT=23;

--
-- AUTO_INCREMENT de la tabla `navegacion`
--
ALTER TABLE `navegacion`
  MODIFY `id` int(11) NOT NULL AUTO_INCREMENT, AUTO_INCREMENT=4;

--
-- AUTO_INCREMENT de la tabla `ofertas`
--
ALTER TABLE `ofertas`
  MODIFY `id` int(11) NOT NULL AUTO_INCREMENT;

--
-- AUTO_INCREMENT de la tabla `pedidos`
--
ALTER TABLE `pedidos`
  MODIFY `id` int(11) NOT NULL AUTO_INCREMENT, AUTO_INCREMENT=5180;

--
-- AUTO_INCREMENT de la tabla `pedido_detalle`
--
ALTER TABLE `pedido_detalle`
  MODIFY `id` int(11) NOT NULL AUTO_INCREMENT, AUTO_INCREMENT=84;

--
-- AUTO_INCREMENT de la tabla `seccion_tres`
--
ALTER TABLE `seccion_tres`
  MODIFY `id` int(11) NOT NULL AUTO_INCREMENT, AUTO_INCREMENT=5;

--
-- AUTO_INCREMENT de la tabla `seccion_uno`
--
ALTER TABLE `seccion_uno`
  MODIFY `id` int(11) NOT NULL AUTO_INCREMENT, AUTO_INCREMENT=4;

--
-- AUTO_INCREMENT de la tabla `slider`
--
ALTER TABLE `slider`
  MODIFY `id` int(11) NOT NULL AUTO_INCREMENT, AUTO_INCREMENT=4;

--
-- AUTO_INCREMENT de la tabla `subproductos`
--
ALTER TABLE `subproductos`
  MODIFY `id` int(11) NOT NULL AUTO_INCREMENT, AUTO_INCREMENT=1781985410;

--
-- AUTO_INCREMENT de la tabla `type_orders`
--
ALTER TABLE `type_orders`
  MODIFY `id` bigint(20) UNSIGNED NOT NULL AUTO_INCREMENT, AUTO_INCREMENT=3;

--
-- AUTO_INCREMENT de la tabla `users`
--
ALTER TABLE `users`
  MODIFY `id` bigint(20) UNSIGNED NOT NULL AUTO_INCREMENT, AUTO_INCREMENT=17;

--
-- Restricciones para tablas volcadas
--

--
-- Filtros para la tabla `alimento_alergeno`
--
ALTER TABLE `alimento_alergeno`
  ADD CONSTRAINT `alimento_alergeno_ibfk_1` FOREIGN KEY (`alimento_id`) REFERENCES `alimento` (`id`) ON DELETE CASCADE,
  ADD CONSTRAINT `alimento_alergeno_ibfk_2` FOREIGN KEY (`alergeno_id`) REFERENCES `alergeno` (`id`) ON DELETE CASCADE;
COMMIT;

/*!40101 SET CHARACTER_SET_CLIENT=@OLD_CHARACTER_SET_CLIENT */;
/*!40101 SET CHARACTER_SET_RESULTS=@OLD_CHARACTER_SET_RESULTS */;
/*!40101 SET COLLATION_CONNECTION=@OLD_COLLATION_CONNECTION */;
